state,year,inc_per_cap_act
Alabama,1980,27058.88686921592
Alabama,1981,26708.686510444826
Alabama,1982,26009.132786299157
Alabama,1983,26792.50976388515
Alabama,1984,28134.394584177735
Alabama,1985,29070.571447436094
Alabama,1986,29450.905692196113
Alabama,1987,30576.956161071997
Alabama,1988,31518.033465365654
Alabama,1989,32740.113125994416
Alabama,1990,35863.34520354577
Alabama,1991,35523.01755781661
Alabama,1992,36665.83775534316
Alabama,1993,36755.806093535815
Alabama,1994,37711.73512959085
Alabama,1995,38296.85291494651
Alabama,1996,38512.32171555139
Alabama,1997,38952.85624002701
Alabama,1998,40193.87796780102
Alabama,1999,40565.56347322424
Alabama,2000,38067.85213102951
Alabama,2001,37885.48436087685
Alabama,2002,38379.38895487855
Alabama,2003,38819.21117780294
Alabama,2004,40552.66028630379
Alabama,2005,41452.94008642673
Alabama,2006,41952.13641395999
Alabama,2007,42749.564143318814
Alabama,2008,41987.21462388265
Alabama,2009,41166.57902431602
Alabama,2010,41092.88443736477
Alabama,2011,41893.94252634031
Alabama,2012,41703.96734665093
Alabama,2013,41271.49914480921
Alabama,2014,41944.529108008224
Alabama,2015,43868.506623506146
Alabama,2016,44050.65142925599
Alabama,2017,44595.82335758379
Alabama,2018,45469.82060527386
Alabama,2019,46304.58137763227
Arizona,1980,33067.90715268131
Arizona,1981,32684.801761254315
Arizona,1982,31251.938825194684
Arizona,1983,32297.703866319618
Arizona,1984,33869.58171410426
Arizona,1985,35072.491821200805
Arizona,1986,35496.77247923414
Arizona,1987,36319.53627919767
Arizona,1988,36623.62997198785
Arizona,1989,36709.92688951603
Arizona,1990,73063.2648179621
Arizona,1991,71822.78560886688
Arizona,1992,73178.43770529135
Arizona,1993,73810.87445736829
Arizona,1994,76516.00574400461
Arizona,1995,77346.83142181777
Arizona,1996,79492.22451511679
Arizona,1997,81678.30923063478
Arizona,1998,87978.99339881873
Arizona,1999,90526.89368738675
Arizona,2000,40984.0655413052
Arizona,2001,40181.224479307595
Arizona,2002,40041.26689247286
Arizona,2003,40245.94481007401
Arizona,2004,41863.883924552974
Arizona,2005,43516.92623793394
Arizona,2006,44871.567752155715
Arizona,2007,45158.49011191245
Arizona,2008,42886.48428866045
Arizona,2009,40153.84544482279
Arizona,2010,40954.31824740053
Arizona,2011,41867.31417666993
Arizona,2012,41992.1117226423
Arizona,2013,41847.95231238621
Arizona,2014,43041.874904046286
Arizona,2015,44801.1233121482
Arizona,2016,45460.11579889917
Arizona,2017,46291.97650259172
Arizona,2018,47478.788309844254
Arizona,2019,48311.62237063426
Arkansas,1980,25817.29793843209
Arkansas,1981,26090.03342394271
Arkansas,1982,25311.017872653334
Arkansas,1983,25730.298410140782
Arkansas,1984,27344.025180344663
Arkansas,1985,27970.70645543528
Arkansas,1986,28209.94883716948
Arkansas,1987,28854.736546755375
Arkansas,1988,29725.274351692507
Arkansas,1989,30467.19928723205
Arkansas,1990,31296.312535497942
Arkansas,1991,30984.29242458927
Arkansas,1992,32274.473680160496
Arkansas,1993,32228.15207966404
Arkansas,1994,32664.53275337517
Arkansas,1995,33254.26167987339
Arkansas,1996,33305.23172343328
Arkansas,1997,33534.2095102052
Arkansas,1998,34688.50216027254
Arkansas,1999,35147.22808549297
Arkansas,2000,35604.73429630351
Arkansas,2001,35956.45231456623
Arkansas,2002,36174.7853974327
Arkansas,2003,37046.89086194962
Arkansas,2004,38317.10641148294
Arkansas,2005,38828.75912252881
Arkansas,2006,39204.94948705197
Arkansas,2007,40532.833131388135
Arkansas,2008,39954.984519794045
Arkansas,2009,39023.0142481183
Arkansas,2010,38871.69939142789
Arkansas,2011,40535.532762971525
Arkansas,2012,42116.65866702744
Arkansas,2013,41416.719763887406
Arkansas,2014,43062.73723582526
Arkansas,2015,44570.47319127448
Arkansas,2016,44997.30505275401
Arkansas,2017,45276.926277907034
Arkansas,2018,46124.89846622452
Arkansas,2019,46813.09034540309
California,1980,40779.43243834397
California,1981,49544.16157332984
California,1982,47727.27944310039
California,1983,48649.296708803355
California,1984,50625.659576522754
California,1985,51883.92085816303
California,1986,51498.05867090837
California,1987,52878.33038957035
California,1988,54058.30251530442
California,1989,54646.500356472716
California,1990,104035.82957562302
California,1991,99857.6256566297
California,1992,101315.47645936844
California,1993,98024.1618027144
California,1994,97695.46835001206
California,1995,98552.15198215371
California,1996,101371.947771256
California,1997,103434.66922377035
California,1998,109665.72618108553
California,1999,113735.00332453671
California,2000,52172.27797714733
California,2001,51324.705300446694
California,2002,50976.89785273321
California,2003,51359.85229064509
California,2004,53138.3644619619
California,2005,54333.50725661138
California,2006,55983.915325705
California,2007,56825.60084515716
California,2008,54811.10437773264
California,2009,52530.45201463037
California,2010,53126.577155672414
California,2011,55277.81795294352
California,2012,56729.486781413994
California,2013,56350.05335403284
California,2014,58928.780079308875
California,2015,62979.79087420859
California,2016,64676.9249802813
California,2017,65811.66603036282
California,2018,67837.79357761322
California,2019,69879.0812985888
Colorado,1980,37649.48293761906
Colorado,1981,37610.20433533038
Colorado,1982,37111.55617351503
Colorado,1983,37713.79805367969
Colorado,1984,38979.53390755864
Colorado,1985,39413.93694750865
Colorado,1986,39031.57158170704
Colorado,1987,39658.71773921713
Colorado,1988,40273.7988927804
Colorado,1989,41356.67989951795
Colorado,1990,52908.57841490347
Colorado,1991,51687.619889150505
Colorado,1992,54090.96582221164
Colorado,1993,55090.11939506935
Colorado,1994,55989.909638956255
Colorado,1995,56726.08019969232
Colorado,1996,58511.804559364275
Colorado,1997,59053.56314560584
Colorado,1998,62944.833643300095
Colorado,1999,65681.74459183472
Colorado,2000,53456.02032920713
Colorado,2001,52724.06335579329
Colorado,2002,51411.168105732206
Colorado,2003,50436.825132403435
Colorado,2004,50709.631888766664
Colorado,2005,51971.758507121674
Colorado,2006,52963.992444819705
Colorado,2007,54264.03743775169
Colorado,2008,52784.93667071897
Colorado,2009,49432.238929395666
Colorado,2010,49539.29683942847
Colorado,2011,52165.831538362676
Colorado,2012,53075.1747411733
Colorado,2013,54072.824705511106
Colorado,2014,57069.8197154421
Colorado,2015,58942.71016362963
Colorado,2016,58467.74477762945
Colorado,2017,60436.970651376556
Colorado,2018,62702.11046281116
Colorado,2019,64149.013973447225
Connecticut,1980,42051.60888839041
Connecticut,1981,41968.526820664236
Connecticut,1982,41732.22712617492
Connecticut,1983,42728.8928322461
Connecticut,1984,45573.431510738985
Connecticut,1985,46954.74614142164
Connecticut,1986,48246.666838426514
Connecticut,1987,51563.15767636243
Connecticut,1988,54185.50381596885
Connecticut,1989,56058.73032400541
Connecticut,1990,93889.2105656014
Connecticut,1991,87058.60925144707
Connecticut,1992,91124.15198899078
Connecticut,1993,91668.2871499813
Connecticut,1994,91689.33763453786
Connecticut,1995,94631.43990418698
Connecticut,1996,95414.96538975846
Connecticut,1997,99025.70542298381
Connecticut,1998,104302.55433975781
Connecticut,1999,107172.81094573087
Connecticut,2000,67414.68781978016
Connecticut,2001,68280.78231365264
Connecticut,2002,67128.83180811351
Connecticut,2003,65939.01869884274
Connecticut,2004,68011.23256440171
Connecticut,2005,69736.26902021213
Connecticut,2006,72336.74932469419
Connecticut,2007,76145.35641785062
Connecticut,2008,77263.20985938833
Connecticut,2009,75858.16376631222
Connecticut,2010,75594.55905225415
Connecticut,2011,76376.84893601858
Connecticut,2012,75442.08710435263
Connecticut,2013,72639.60265124748
Connecticut,2014,74828.17325800119
Connecticut,2015,77118.52898741832
Connecticut,2016,77903.63708237286
Connecticut,2017,77975.07076484789
Connecticut,2018,79692.03053806834
Connecticut,2019,81070.58084878932
Delaware,1980,36730.18716751954
Delaware,1981,36146.417015757754
Delaware,1982,35741.19604925137
Delaware,1983,36328.54243980591
Delaware,1984,38052.88690770912
Delaware,1985,39439.04011568791
Delaware,1986,39763.412769689414
Delaware,1987,41773.929735442674
Delaware,1988,43203.12003375469
Delaware,1989,45242.13047812608
Delaware,1990,59727.23955612226
Delaware,1991,59379.83633401765
Delaware,1992,58950.67519503064
Delaware,1993,58008.163252277955
Delaware,1994,57796.21232397482
Delaware,1995,59236.82273993784
Delaware,1996,60372.833968567975
Delaware,1997,61274.79837567663
Delaware,1998,65290.750552239224
Delaware,1999,67582.28216381537
Delaware,2000,53030.046192425514
Delaware,2001,55796.33171908677
Delaware,2002,56308.92480361399
Delaware,2003,55332.8920208635
Delaware,2004,55668.64757567918
Delaware,2005,54798.07456859038
Delaware,2006,54927.39657286427
Delaware,2007,54689.52665192188
Delaware,2008,51265.64151180503
Delaware,2009,51217.895827099856
Delaware,2010,49704.409623210544
Delaware,2011,52543.63246901603
Delaware,2012,51225.429335056746
Delaware,2013,50675.20676754015
Delaware,2014,51761.04327066234
Delaware,2015,54163.20822443334
Delaware,2016,54413.680406995794
Delaware,2017,55212.402795477334
Delaware,2018,56350.64401308944
Delaware,2019,57150.74192044365
District of Columbia,1981,43359.297868167465
District of Columbia,1982,42878.04127545412
District of Columbia,1983,43590.51180611406
District of Columbia,1984,45557.875078354984
District of Columbia,1985,46512.327027494684
District of Columbia,1986,46805.05851772093
District of Columbia,1987,48807.83653867863
District of Columbia,1988,51813.86173784232
District of Columbia,1989,53037.77320572148
District of Columbia,1990,95132.5230261744
District of Columbia,1991,90082.19130286253
District of Columbia,1992,85806.99858113506
District of Columbia,1993,84748.06941826771
District of Columbia,1994,83799.08407666296
District of Columbia,1995,83894.64139100992
District of Columbia,1996,89115.20043548946
District of Columbia,1997,94221.00890706462
District of Columbia,1998,101953.25864837648
District of Columbia,1999,103563.50460687894
District of Columbia,2000,67827.17341131506
District of Columbia,2001,66984.5907744985
District of Columbia,2002,66511.23411809576
District of Columbia,2003,65701.9422027946
District of Columbia,2004,69869.8121690122
District of Columbia,2005,71620.76247348782
District of Columbia,2006,72806.07552648957
District of Columbia,2007,76532.52133325263
District of Columbia,2008,75002.22445843581
District of Columbia,2009,74588.7751604668
District of Columbia,2010,77411.52376670919
District of Columbia,2011,80710.30489977298
District of Columbia,2012,79489.55227763737
District of Columbia,2013,77630.93898915526
District of Columbia,2014,80301.66811768379
District of Columbia,2015,85114.79651549178
District of Columbia,2016,86716.5998180394
District of Columbia,2017,86106.09526713866
District of Columbia,2018,86492.79598138209
District of Columbia,2019,87487.44596207321
Florida,1980,34771.073074050466
Florida,1981,44525.71056650655
Florida,1982,43459.12167340389
Florida,1983,44731.69921238506
Florida,1984,47854.26796650927
Florida,1985,49896.496832041266
Florida,1986,50049.32128117905
Florida,1987,52093.43914416212
Florida,1988,53129.308721688416
Florida,1989,55822.72014373527
Florida,1990,66013.33944376526
Florida,1991,63641.05606469981
Florida,1992,64329.54057232024
Florida,1993,64630.29334562236
Florida,1994,65341.62221607033
Florida,1995,66423.27129687535
Florida,1996,67606.48335718099
Florida,1997,68720.84124985794
Florida,1998,71130.07227996468
Florida,1999,72003.16854668356
Florida,2000,46027.13635586382
Florida,2001,45765.509351007204
Florida,2002,45811.399801075255
Florida,2003,46037.251984619405
Florida,2004,48000.01167854478
Florida,2005,49930.101259506904
Florida,2006,51303.618757676886
Florida,2007,51799.62709554911
Florida,2008,49255.013427843056
Florida,2009,46025.39931362184
Florida,2010,46843.03554119241
Florida,2011,48043.157086680505
Florida,2012,47782.88937278443
Florida,2013,46512.49039702672
Florida,2014,48550.25513302443
Florida,2015,51067.88025016009
Florida,2016,51334.39302208068
Florida,2017,52719.47540827841
Florida,2018,54257.56394739147
Florida,2019,54990.83536162417
Georgia,1980,29325.695782763625
Georgia,1981,31409.42453463251
Georgia,1982,30918.838957733777
Georgia,1983,32172.640852935237
Georgia,1984,34291.54249500431
Georgia,1985,36084.49576792542
Georgia,1986,37036.819980296714
Georgia,1987,38488.66877431765
Georgia,1988,40252.245472203875
Georgia,1989,40836.95512725727
Georgia,1990,43209.4158565149
Georgia,1991,42313.401605924526
Georgia,1992,43588.38814827123
Georgia,1993,43770.94487210789
Georgia,1994,44660.33075945875
Georgia,1995,46030.15438647975
Georgia,1996,47012.11863320535
Georgia,1997,46955.12913857838
Georgia,1998,49638.128722074405
Georgia,1999,50795.94054370008
Georgia,2000,45123.62333783206
Georgia,2001,44635.00213901066
Georgia,2002,44464.3398291209
Georgia,2003,44093.78986830389
Georgia,2004,44689.0392431451
Georgia,2005,45194.692943688846
Georgia,2006,45224.37912807991
Georgia,2007,45344.85514715479
Georgia,2008,43024.979267030336
Georgia,2009,41631.50797128971
Georgia,2010,42030.1013849869
Georgia,2011,43787.38971036868
Georgia,2012,43295.81239084959
Georgia,2013,42919.629874289756
Georgia,2014,44792.96138977076
Georgia,2015,47154.46924919096
Georgia,2016,47794.45624685161
Georgia,2017,48795.53080572762
Georgia,2018,49991.77583170569
Georgia,2019,50595.792685788874
Idaho,1980,30191.634711986502
Idaho,1981,29152.867980592266
Idaho,1982,27941.806200089442
Idaho,1983,29198.70412595273
Idaho,1984,29562.275604429007
Idaho,1985,30072.286229783644
Idaho,1986,29629.33517755658
Idaho,1987,30705.754603530047
Idaho,1988,31879.725750577974
Idaho,1989,33277.93132792048
Idaho,1990,33545.16161193117
Idaho,1991,32453.05669250609
Idaho,1992,33774.61472634958
Idaho,1993,35616.95242370267
Idaho,1994,36655.68555759516
Idaho,1995,37544.526279081605
Idaho,1996,37936.64324132627
Idaho,1997,37559.24908951413
Idaho,1998,40181.332908181554
Idaho,1999,42216.53543778892
Idaho,2000,39464.97832899342
Idaho,2001,38877.346654005494
Idaho,2002,39058.87500785729
Idaho,2003,38698.100898670295
Idaho,2004,40079.603304778866
Idaho,2005,40556.28170799228
Idaho,2006,41880.673460166894
Idaho,2007,42647.055453810826
Idaho,2008,41018.71575835217
Idaho,2009,39182.29246970516
Idaho,2010,38908.0566751793
Idaho,2011,40120.72683240766
Idaho,2012,40897.340276821415
Idaho,2013,41383.03543804195
Idaho,2014,42658.30269076702
Idaho,2015,44874.468347396585
Idaho,2016,45199.4432958306
Idaho,2017,45941.887417463164
Idaho,2018,47432.55686057974
Idaho,2019,48217.57537946438
Illinois,1980,37199.781294137516
Illinois,1981,45623.29058003722
Illinois,1982,44708.99814020288
Illinois,1983,44943.50971353683
Illinois,1984,47498.38015644485
Illinois,1985,48784.954898717675
Illinois,1986,48885.631327361276
Illinois,1987,50994.02067576225
Illinois,1988,52248.51746067605
Illinois,1989,53251.532569837946
Illinois,1990,81671.11226623728
Illinois,1991,78732.26746064161
Illinois,1992,80963.17610738719
Illinois,1993,81571.43854851823
Illinois,1994,83295.83662601055
Illinois,1995,85307.05679405159
Illinois,1996,87712.42919669343
Illinois,1997,88707.82050551864
Illinois,1998,91505.17716662833
Illinois,1999,93272.51433576466
Illinois,2000,51862.60666559033
Illinois,2001,51535.78347863412
Illinois,2002,51308.38993215362
Illinois,2003,50642.22332403751
Illinois,2004,51415.5486196285
Illinois,2005,51963.624634636195
Illinois,2006,53118.47469298226
Illinois,2007,54801.98677033661
Illinois,2008,53594.39058077838
Illinois,2009,50827.82429949719
Illinois,2010,51248.23776420743
Illinois,2011,52841.819448339826
Illinois,2012,53518.26346622867
Illinois,2013,53859.57226126995
Illinois,2014,55663.38882792082
Illinois,2015,58377.27120180907
Illinois,2016,58403.81951744663
Illinois,2017,58966.75946008595
Illinois,2018,60837.98133613195
Illinois,2019,61638.82459772227
Indiana,1980,31793.86662536155
Indiana,1981,37395.39163966563
Indiana,1982,35879.581927730935
Indiana,1983,36422.31483071393
Indiana,1984,38693.93963893873
Indiana,1985,39458.66135805531
Indiana,1986,40016.52317498278
Indiana,1987,41716.14180916564
Indiana,1988,42716.42236367515
Indiana,1989,44218.39499220777
Indiana,1990,42044.01871914254
Indiana,1991,40694.38649310206
Indiana,1992,42479.658187008914
Indiana,1993,42558.90941033339
Indiana,1994,43332.84107007705
Indiana,1995,43303.81929213277
Indiana,1996,44323.32367565706
Indiana,1997,44512.066539498024
Indiana,1998,46881.4898280343
Indiana,1999,47819.18525204508
Indiana,2000,44158.77796289179
Indiana,2001,43293.49484577094
Indiana,2002,43236.77564290919
Indiana,2003,42846.62665362313
Indiana,2004,43752.38392718394
Indiana,2005,43693.19088332816
Indiana,2006,44154.51651887419
Indiana,2007,44468.92479519256
Indiana,2008,44215.61090060611
Indiana,2009,42847.67059949745
Indiana,2010,43164.98814882869
Indiana,2011,45072.36745552227
Indiana,2012,45712.31024745664
Indiana,2013,45312.83296692523
Indiana,2014,46251.68510264793
Indiana,2015,48108.77866959567
Indiana,2016,48659.229009080795
Indiana,2017,49176.17690515609
Indiana,2018,50378.639177731005
Indiana,2019,51060.05917165672
Iowa,1980,32614.540940574792
Iowa,1981,33082.53505784331
Iowa,1982,31607.178847301286
Iowa,1983,31234.53676482545
Iowa,1984,33517.282783734685
Iowa,1985,33833.0405267047
Iowa,1986,34070.47537213701
Iowa,1987,35544.637721241634
Iowa,1988,35257.84839970817
Iowa,1989,36711.21250808367
Iowa,1990,38260.32098028414
Iowa,1991,36952.26948958983
Iowa,1992,38309.52369114405
Iowa,1993,37301.93310721957
Iowa,1994,39503.36226353315
Iowa,1995,40151.77484317012
Iowa,1996,42217.19231252251
Iowa,1997,42706.706749532896
Iowa,1998,43856.94060679356
Iowa,1999,44239.532291993964
Iowa,2000,42967.142074916716
Iowa,2001,42583.05265041585
Iowa,2002,43059.710197863074
Iowa,2003,42746.29436036318
Iowa,2004,45186.60750752022
Iowa,2005,45246.33486707529
Iowa,2006,45975.539414304556
Iowa,2007,48017.97174316507
Iowa,2008,48459.50363684253
Iowa,2009,46783.97827481675
Iowa,2010,46392.5716448749
Iowa,2011,49020.77764131422
Iowa,2012,49863.34646954715
Iowa,2013,49687.21580906565
Iowa,2014,50419.50689061018
Iowa,2015,52223.624303001816
Iowa,2016,51863.05967723166
Iowa,2017,51804.21303671086
Iowa,2018,53416.89680981382
Iowa,2019,54403.06452905602
Kansas,1980,34281.650176700314
Kansas,1981,34441.529057137814
Kansas,1982,34258.52504852748
Kansas,1983,34195.68542263998
Kansas,1984,35859.70589050034
Kansas,1985,36384.14335221146
Kansas,1986,36605.84658785445
Kansas,1987,37566.369559877
Kansas,1988,37739.420630242945
Kansas,1989,38087.815808452986
Kansas,1990,44580.379446326726
Kansas,1991,43282.03984383966
Kansas,1992,45313.08379247854
Kansas,1993,45628.369463489784
Kansas,1994,45843.331998092995
Kansas,1995,46256.75495441444
Kansas,1996,47441.18338973866
Kansas,1997,48445.191169744205
Kansas,1998,50699.742243883076
Kansas,1999,51360.150005413954
Kansas,2000,44188.63883173588
Kansas,2001,43859.622272903165
Kansas,2002,43528.80370540105
Kansas,2003,43411.692632419385
Kansas,2004,43641.268304817415
Kansas,2005,44713.527448736335
Kansas,2006,47219.12573252128
Kansas,2007,49359.77440350948
Kansas,2008,51101.46345840819
Kansas,2009,49078.826755460665
Kansas,2010,48167.647850358335
Kansas,2011,51137.31927082259
Kansas,2012,52437.15874240498
Kansas,2013,52531.68467417625
Kansas,2014,52759.33317112029
Kansas,2015,53402.54599453831
Kansas,2016,52802.25285752991
Kansas,2017,53130.984474724406
Kansas,2018,54573.331673640474
Kansas,2019,56040.46636071457
Kentucky,1980,27701.05957942108
Kentucky,1981,27498.61225169783
Kentucky,1982,26959.408176297402
Kentucky,1983,26908.307869034885
Kentucky,1984,28817.274872467602
Kentucky,1985,29029.411130929035
Kentucky,1986,28759.354603033004
Kentucky,1987,30006.005058917646
Kentucky,1988,31370.48509367338
Kentucky,1989,32298.480457055255
Kentucky,1990,36251.47739396892
Kentucky,1991,35892.48819726881
Kentucky,1992,37179.59647623286
Kentucky,1993,36914.648730555506
Kentucky,1994,37360.28846179672
Kentucky,1995,37649.35295049515
Kentucky,1996,38612.12739088344
Kentucky,1997,39419.0687101817
Kentucky,1998,40372.27160073268
Kentucky,1999,41180.406898457964
Kentucky,2000,38936.57343821071
Kentucky,2001,38606.88195508456
Kentucky,2002,38814.273641089545
Kentucky,2003,38595.10850685584
Kentucky,2004,39764.06177888377
Kentucky,2005,40234.01947511965
Kentucky,2006,40578.33706429036
Kentucky,2007,41154.1409895331
Kentucky,2008,40899.22886586022
Kentucky,2009,40204.908173104355
Kentucky,2010,40349.44711296233
Kentucky,2011,41449.734377857014
Kentucky,2012,41552.03764838547
Kentucky,2013,41054.85537573734
Kentucky,2014,42298.489315426355
Kentucky,2015,44216.69702995767
Kentucky,2016,44294.00055127826
Kentucky,2017,44459.07526628288
Kentucky,2018,45073.93618615354
Kentucky,2019,45911.37226559571
Louisiana,1980,30162.157062103233
Louisiana,1981,30544.451665324203
Louisiana,1982,29889.16951748256
Louisiana,1983,29797.5644383897
Louisiana,1984,30354.708445344226
Louisiana,1985,30477.699694351715
Louisiana,1986,29356.725824635432
Louisiana,1987,29509.70884361992
Louisiana,1988,30274.52963676965
Louisiana,1989,30990.077012688616
Louisiana,1990,35351.982853613714
Louisiana,1991,34990.13601466389
Louisiana,1992,36032.127974697156
Louisiana,1993,36303.83520038194
Louisiana,1994,37177.341977484306
Louisiana,1995,37630.354076387586
Louisiana,1996,37953.01907701647
Louisiana,1997,38425.444687821444
Louisiana,1998,39250.70602399421
Louisiana,1999,39274.040452924026
Louisiana,2000,37473.061084153094
Louisiana,2001,38691.68344172486
Louisiana,2002,39270.324001141744
Louisiana,2003,39255.27173821672
Louisiana,2004,39985.324537968954
Louisiana,2005,41764.662817582954
Louisiana,2006,45007.5504655183
Louisiana,2007,46808.092953606036
Louisiana,2008,47119.08252223937
Louisiana,2009,45545.60796540642
Louisiana,2010,45838.19826818197
Louisiana,2011,46336.960767105775
Louisiana,2012,47131.354289717165
Louisiana,2013,46759.196887646634
Louisiana,2014,48038.709252565524
Louisiana,2015,48390.356667125154
Louisiana,2016,47384.95541236437
Louisiana,2017,47750.36215477419
Louisiana,2018,49192.46081033746
Louisiana,2019,49781.76389284293
Maine,1980,29138.978591307598
Maine,1981,28547.380830534665
Maine,1982,28578.580073248202
Maine,1983,29469.71175563644
Maine,1984,30940.222970940176
Maine,1985,32082.494568315873
Maine,1986,33199.32663162615
Maine,1987,35097.27164838383
Maine,1988,36553.515401171986
Maine,1989,37628.66535631897
Maine,1990,38764.04353975052
Maine,1991,36845.26921363016
Maine,1992,37261.663725506805
Maine,1993,37161.248959291006
Maine,1994,38068.99823501252
Maine,1995,38593.349252282926
Maine,1996,39474.794729853624
Maine,1997,40219.9895579212
Maine,1998,42201.72539749039
Maine,1999,43338.5410968923
Maine,2000,43137.364967186884
Maine,2001,43587.57947737541
Maine,2002,44238.13736314954
Maine,2003,44834.93024231406
Maine,2004,46036.292753463094
Maine,2005,45779.849462461236
Maine,2006,46157.84381344617
Maine,2007,46791.848342605175
Maine,2008,46622.38712044714
Maine,2009,46693.271014521095
Maine,2010,46155.71672504956
Maine,2011,47248.67523332221
Maine,2012,46820.50305015839
Maine,2013,45911.715627460646
Maine,2014,47070.88655509271
Maine,2015,49205.57475000056
Maine,2016,49951.85924052474
Maine,2017,50611.649699257476
Maine,2018,51944.81520683465
Maine,2019,53111.17866077026
Maryland,1980,39046.48412627474
Maryland,1981,38505.796132659576
Maryland,1982,38385.96093078525
Maryland,1983,39371.696181501175
Maryland,1984,41389.048529355794
Maryland,1985,42860.06773961552
Maryland,1986,43787.578912627156
Maryland,1987,45818.9216701071
Maryland,1988,47409.08939873139
Maryland,1989,50477.61253458954
Maryland,1990,71528.59763189759
Maryland,1991,69334.69476558916
Maryland,1992,69710.23149666133
Maryland,1993,69419.97603150526
Maryland,1994,68879.15117152927
Maryland,1995,68599.50521544162
Maryland,1996,68496.14670692205
Maryland,1997,69133.83868134422
Maryland,1998,72499.3423666389
Maryland,1999,74728.64741357705
Maryland,2000,55812.200195520374
Maryland,2001,56026.54157911412
Maryland,2002,56882.429576862465
Maryland,2003,57310.32989593128
Maryland,2004,59546.09928971796
Maryland,2005,60695.36378856062
Maryland,2006,61190.26768537213
Maryland,2007,62147.98344308449
Maryland,2008,61973.28847488818
Maryland,2009,61245.569092264006
Maryland,2010,60883.23671709183
Maryland,2011,62770.20030274623
Maryland,2012,62231.182310724726
Maryland,2013,60640.59761600403
Maryland,2014,61554.36971284676
Maryland,2015,64335.722705658365
Maryland,2016,65750.05782851244
Maryland,2017,66038.35750794511
Maryland,2018,66759.82521707403
Maryland,2019,67802.81110254036
Massachusetts,1980,36325.620115512764
Massachusetts,1981,43615.621047456065
Massachusetts,1982,45095.839856013234
Massachusetts,1983,46875.8786188237
Massachusetts,1984,50289.81833298743
Massachusetts,1985,52055.511751450766
Massachusetts,1986,53752.82905888738
Massachusetts,1987,57046.460040319194
Massachusetts,1988,59744.59322613581
Massachusetts,1989,60095.637312190935
Massachusetts,1990,102807.13440309692
Massachusetts,1991,97208.99548034104
Massachusetts,1992,98752.34565597093
Massachusetts,1993,98345.8373863084
Massachusetts,1994,101382.24309728206
Massachusetts,1995,103785.78217547659
Massachusetts,1996,103833.87255500532
Massachusetts,1997,106923.41630164345
Massachusetts,1998,112401.77123694151
Massachusetts,1999,114036.74685296223
Massachusetts,2000,60283.89122459967
Massachusetts,2001,59991.794655440506
Massachusetts,2002,58857.18287235126
Massachusetts,2003,58435.08713448474
Massachusetts,2004,60248.416971959276
Massachusetts,2005,61174.46012416637
Massachusetts,2006,63184.285694543156
Massachusetts,2007,64708.8611965727
Massachusetts,2008,64051.920481863854
Massachusetts,2009,62914.56575154793
Massachusetts,2010,64603.66779673763
Massachusetts,2011,66204.22872718604
Massachusetts,2012,66631.04090306362
Massachusetts,2013,65578.27776708672
Massachusetts,2014,67482.39009385587
Massachusetts,2015,71761.03181622644
Massachusetts,2016,73230.92525962205
Massachusetts,2017,74390.7768615735
Massachusetts,2018,76440.25381397335
Massachusetts,2019,77816.9203610026
Michigan,1980,34704.18859098468
Michigan,1981,39372.5865167189
Michigan,1982,37145.27076833274
Michigan,1983,38951.36432585561
Michigan,1984,41223.060248930116
Michigan,1985,43038.96110652991
Michigan,1986,43722.307777527145
Michigan,1987,45039.72762301029
Michigan,1988,46589.4114385565
Michigan,1989,47798.92149306359
Michigan,1990,63834.90309220746
Michigan,1991,60134.39503225226
Michigan,1992,60946.27835205264
Michigan,1993,61737.16771380352
Michigan,1994,64525.42664530307
Michigan,1995,65080.53812916303
Michigan,1996,65822.78829993459
Michigan,1997,66703.02966307606
Michigan,1998,68909.67730843583
Michigan,1999,70383.37624753981
Michigan,2000,47547.450198760846
Michigan,2001,46368.86813857767
Michigan,2002,45598.37615397649
Michigan,2003,45314.29065390212
Michigan,2004,45563.30083723007
Michigan,2005,45258.73360779032
Michigan,2006,44606.922062897385
Michigan,2007,45061.49747366153
Michigan,2008,44305.77398527491
Michigan,2009,42227.5554553798
Michigan,2010,43089.09890226468
Michigan,2011,44903.331152456354
Michigan,2012,45393.02283609848
Michigan,2013,44988.219700033245
Michigan,2014,46310.67207027442
Michigan,2015,49042.24529681644
Michigan,2016,49735.11111395317
Michigan,2017,49941.60315205211
Michigan,2018,50864.34811004119
Michigan,2019,51636.612446393156
Minnesota,1980,34982.54537129844
Minnesota,1981,34377.139403989335
Minnesota,1982,33857.20320205219
Minnesota,1983,34338.322066474975
Minnesota,1984,37218.94384504877
Minnesota,1985,37934.17316104074
Minnesota,1986,38398.41939511803
Minnesota,1987,42106.46329769011
Minnesota,1988,42032.536560904126
Minnesota,1989,43498.31912036476
Minnesota,1990,55925.44830868485
Minnesota,1991,54404.65351470521
Minnesota,1992,56194.32751438577
Minnesota,1993,55084.126540908386
Minnesota,1994,56047.33564890037
Minnesota,1995,56970.90968340138
Minnesota,1996,59043.99553464928
Minnesota,1997,59648.05392583314
Minnesota,1998,63025.86264550752
Minnesota,1999,64841.99483165073
Minnesota,2000,50746.10331328314
Minnesota,2001,50446.2701336156
Minnesota,2002,50576.86276995917
Minnesota,2003,51193.416877302334
Minnesota,2004,52967.86011507207
Minnesota,2005,52804.14796851076
Minnesota,2006,52974.278421959796
Minnesota,2007,54469.90708368708
Minnesota,2008,53962.72143648458
Minnesota,2009,51390.483105064646
Minnesota,2010,51873.137272508684
Minnesota,2011,54288.90705703159
Minnesota,2012,55620.45137966218
Minnesota,2013,54795.61321429893
Minnesota,2014,56560.37950842668
Minnesota,2015,59056.180337050035
Minnesota,2016,59145.05724753257
Minnesota,2017,59736.8143260548
Minnesota,2018,61078.69139543776
Minnesota,2019,61712.73245024407
Mississippi,1980,24373.651846329463
Mississippi,1981,24315.994091315883
Mississippi,1982,23549.572217355966
Mississippi,1983,23649.397537413304
Mississippi,1984,24674.18606552611
Mississippi,1985,24991.194743452397
Mississippi,1986,24879.216409314315
Mississippi,1987,26008.61085730412
Mississippi,1988,26806.984072238993
Mississippi,1989,27782.525739483382
Mississippi,1990,27736.860393203362
Mississippi,1991,27449.566399133553
Mississippi,1992,28505.339582400535
Mississippi,1993,29050.90599599977
Mississippi,1994,30292.567444582422
Mississippi,1995,30768.3760843579
Mississippi,1996,31469.99288388517
Mississippi,1997,31930.07266375138
Mississippi,1998,32984.89759631425
Mississippi,1999,33253.622257868374
Mississippi,2000,33846.366967705406
Mississippi,2001,34347.75227857513
Mississippi,2002,34476.01830652907
Mississippi,2003,34794.099275074615
Mississippi,2004,35842.650091350595
Mississippi,2005,36977.47048220439
Mississippi,2006,37088.00892993971
Mississippi,2007,38311.88940170266
Mississippi,2008,38135.50330237256
Mississippi,2009,37386.53813476024
Mississippi,2010,37623.204335365874
Mississippi,2011,38499.87904236266
Mississippi,2012,38710.4077919168
Mississippi,2013,38691.594976653
Mississippi,2014,38878.82012706428
Mississippi,2015,39712.35776250152
Mississippi,2016,39745.67161826238
Mississippi,2017,39711.83212574642
Mississippi,2018,40297.962804589006
Mississippi,2019,40818.1994294666
Missouri,1980,31844.253812556064
Missouri,1981,37859.07144859543
Missouri,1982,37416.70076420058
Missouri,1983,38352.899740849614
Missouri,1984,40492.11207505514
Missouri,1985,42611.4421593069
Missouri,1986,41886.5790607478
Missouri,1987,43190.17624068134
Missouri,1988,43786.33363117968
Missouri,1989,43756.669645588
Missouri,1990,46342.07257683984
Missouri,1991,45448.09296008556
Missouri,1992,46045.05685074181
Missouri,1993,46159.278380370546
Missouri,1994,47130.60892311456
Missouri,1995,48278.50833354241
Missouri,1996,48814.5391734244
Missouri,1997,49574.39468589722
Missouri,1998,50578.353617000066
Missouri,1999,51440.71344328832
Missouri,2000,43804.26973935471
Missouri,2001,43279.502042988206
Missouri,2002,43454.791733030135
Missouri,2003,43581.353051672486
Missouri,2004,44626.31915581535
Missouri,2005,44632.765365887084
Missouri,2006,45059.15799393367
Missouri,2007,45899.41754467333
Missouri,2008,45991.3728071547
Missouri,2009,45005.96566207449
Missouri,2010,44831.90775369594
Missouri,2011,45897.71943263678
Missouri,2012,46639.14627646321
Missouri,2013,46086.86020034291
Missouri,2014,47013.896515202585
Missouri,2015,48676.128838265206
Missouri,2016,49379.60782448171
Missouri,2017,49282.48704726387
Missouri,2018,50153.37571713467
Missouri,2019,51036.24638127078
Montana,1980,31117.972415502016
Montana,1981,31287.10295721498
Montana,1982,30128.595790175525
Montana,1983,30159.389707006692
Montana,1984,30338.322271597506
Montana,1985,29667.821857714524
Montana,1986,29980.66394949079
Montana,1987,30700.241684832577
Montana,1988,30489.098687479924
Montana,1989,32172.84630860346
Montana,1990,32125.28230619819
Montana,1991,32038.784184364737
Montana,1992,32492.69863388574
Montana,1993,33284.36780220273
Montana,1994,32750.488163082813
Montana,1995,32950.08334917202
Montana,1996,33225.4117708341
Montana,1997,33488.47056040905
Montana,1998,35133.04714614932
Montana,1999,35096.00697199813
Montana,2000,36139.60510333939
Montana,2001,36211.10841272643
Montana,2002,36619.34213507676
Montana,2003,37933.270352102816
Montana,2004,39863.23031223131
Montana,2005,41396.074943922235
Montana,2006,42688.341822298804
Montana,2007,44486.75096979651
Montana,2008,44376.30885327564
Montana,2009,43200.21947307851
Montana,2010,43703.31626457375
Montana,2011,45707.25166028785
Montana,2012,46857.28092583691
Montana,2013,45917.95581312913
Montana,2014,47155.57637133008
Montana,2015,49210.509252256605
Montana,2016,49051.45616824645
Montana,2017,50213.82614512129
Montana,2018,51307.88799015064
Montana,2019,52180.64300610984
Nebraska,1980,31914.941136260903
Nebraska,1981,32973.31316473889
Nebraska,1982,32665.83559699879
Nebraska,1983,32516.719092976757
Nebraska,1984,34633.40300039999
Nebraska,1985,35329.82747599175
Nebraska,1986,35198.96490741562
Nebraska,1987,36515.2227306187
Nebraska,1988,37371.08896407734
Nebraska,1989,37879.70131424336
Nebraska,1990,43951.79165314925
Nebraska,1991,42984.630151628684
Nebraska,1992,44311.001256879026
Nebraska,1993,43604.906413624725
Nebraska,1994,44874.85308925846
Nebraska,1995,45207.15763033214
Nebraska,1996,47375.123082912
Nebraska,1997,47598.26533508731
Nebraska,1998,49685.05799357068
Nebraska,1999,50858.68977084933
Nebraska,2000,45401.65093388361
Nebraska,2001,45609.69898584324
Nebraska,2002,45580.284955409836
Nebraska,2003,46861.24341831124
Nebraska,2004,47809.57041113324
Nebraska,2005,47959.99125842969
Nebraska,2006,47987.53240741508
Nebraska,2007,50350.09738402061
Nebraska,2008,50607.696759831386
Nebraska,2009,49495.999259398894
Nebraska,2010,49819.90093944234
Nebraska,2011,54381.04491247748
Nebraska,2012,54113.46923590385
Nebraska,2013,53255.582875440305
Nebraska,2014,55092.055955904405
Nebraska,2015,57217.748526086216
Nebraska,2016,55281.453852213606
Nebraska,2017,55046.13657278843
Nebraska,2018,56307.5945240419
Nebraska,2019,57182.404048913384
Nevada,1980,41063.33319167384
Nevada,1981,39449.306377327564
Nevada,1982,37426.1269685801
Nevada,1983,37573.431523326886
Nevada,1984,38280.91379620792
Nevada,1985,38983.86352025027
Nevada,1986,39282.808129927005
Nevada,1987,40583.87929232789
Nevada,1988,42134.126632580315
Nevada,1989,42936.72096211671
Nevada,1990,63373.3916965881
Nevada,1991,61733.980729272196
Nevada,1992,65468.555210373896
Nevada,1993,64946.49332138203
Nevada,1994,68127.9713419999
Nevada,1995,69811.96617013402
Nevada,1996,74107.01351718817
Nevada,1997,76546.74770611704
Nevada,1998,84243.10905229446
Nevada,1999,86072.05473954971
Nevada,2000,49861.05900679133
Nevada,2001,48857.2628089482
Nevada,2002,47895.369262773245
Nevada,2003,48102.380806168134
Nevada,2004,50354.67623960136
Nevada,2005,53168.41729550795
Nevada,2006,53489.640934048446
Nevada,2007,53003.94094801357
Nevada,2008,49039.55419858312
Nevada,2009,45786.239078531944
Nevada,2010,45325.61187993669
Nevada,2011,46151.591826675234
Nevada,2012,46091.242584480264
Nevada,2013,44900.47572746902
Nevada,2014,46709.56682787523
Nevada,2015,49986.394551388294
Nevada,2016,50530.531336119726
Nevada,2017,51791.22276559145
Nevada,2018,53231.17560250475
Nevada,2019,53664.27391533669
New Hampshire,1980,34213.69182194972
New Hampshire,1981,34096.622237540294
New Hampshire,1982,34273.22862926719
New Hampshire,1983,35888.60419508919
New Hampshire,1984,38167.61120682934
New Hampshire,1985,39816.573046341975
New Hampshire,1986,41154.407848042254
New Hampshire,1987,43653.36088530023
New Hampshire,1988,44959.5151842728
New Hampshire,1989,45190.9766210104
New Hampshire,1990,56054.702532348485
New Hampshire,1991,53152.99008867611
New Hampshire,1992,54460.78462296717
New Hampshire,1993,53758.6822623475
New Hampshire,1994,54586.62693200341
New Hampshire,1995,54801.86423360641
New Hampshire,1996,57898.74475055494
New Hampshire,1997,60779.38572254747
New Hampshire,1998,65191.827210095435
New Hampshire,1999,67205.56441569254
New Hampshire,2000,55311.042119918915
New Hampshire,2001,55420.425735189776
New Hampshire,2002,55159.21399299101
New Hampshire,2003,54346.33720740909
New Hampshire,2004,56005.481167212776
New Hampshire,2005,56153.46666778878
New Hampshire,2006,57306.90532142774
New Hampshire,2007,57930.49144249563
New Hampshire,2008,56768.7190015209
New Hampshire,2009,55730.19869891371
New Hampshire,2010,56960.928191297
New Hampshire,2011,58569.26618969229
New Hampshire,2012,59264.93746789045
New Hampshire,2013,57998.82047929598
New Hampshire,2014,59273.15014830028
New Hampshire,2015,61512.51134024474
New Hampshire,2016,62967.37108729257
New Hampshire,2017,63865.78128886638
New Hampshire,2018,65443.38792547813
New Hampshire,2019,66609.55960182264
New Jersey,1980,40123.796546486534
New Jersey,1981,46826.28969805525
New Jersey,1982,46561.60182407738
New Jersey,1983,48183.03577457423
New Jersey,1984,50760.569842843644
New Jersey,1985,52961.10872987349
New Jersey,1986,54050.84007633578
New Jersey,1987,57062.87165452657
New Jersey,1988,59797.72834097026
New Jersey,1989,61277.910292764616
New Jersey,1990,76999.72310913698
New Jersey,1991,73021.64142903847
New Jersey,1992,75470.11242704114
New Jersey,1993,73375.68078610217
New Jersey,1994,72756.48250549905
New Jersey,1995,73910.79760502107
New Jersey,1996,75467.89336788077
New Jersey,1997,77770.50792542266
New Jersey,1998,80707.18853408191
New Jersey,1999,81710.48389189638
New Jersey,2000,61396.87828626852
New Jersey,2001,60801.40210024783
New Jersey,2002,60597.22987647765
New Jersey,2003,60197.18728810713
New Jersey,2004,61576.31065986748
New Jersey,2005,62095.84821519502
New Jersey,2006,64074.31142136933
New Jersey,2007,66340.36166373205
New Jersey,2008,65259.2933466039
New Jersey,2009,63001.9411706069
New Jersey,2010,62604.01749965782
New Jersey,2011,64279.340213779506
New Jersey,2012,64601.766238189215
New Jersey,2013,64065.32301870999
New Jersey,2014,66026.84246394764
New Jersey,2015,68979.80238845537
New Jersey,2016,70019.03281834075
New Jersey,2017,70630.63558341736
New Jersey,2018,72228.7766499982
New Jersey,2019,73919.29184764386
New Mexico,1980,29502.87373083817
New Mexico,1981,29164.833570393028
New Mexico,1982,28842.155454490552
New Mexico,1983,29263.73839960372
New Mexico,1984,30153.460703397366
New Mexico,1985,31042.472676344547
New Mexico,1986,30514.573848125052
New Mexico,1987,31041.966210171075
New Mexico,1988,31249.28808696605
New Mexico,1989,31750.219321525008
New Mexico,1990,33569.12271967321
New Mexico,1991,33227.944181697996
New Mexico,1992,33641.02277823215
New Mexico,1993,34343.395903849254
New Mexico,1994,34757.75658120635
New Mexico,1995,35470.16802364761
New Mexico,1996,35558.27504233928
New Mexico,1997,35794.82186890572
New Mexico,1998,36808.33533884558
New Mexico,1999,36540.541282616694
New Mexico,2000,36351.7643217942
New Mexico,2001,37361.96808743486
New Mexico,2002,37928.64753266718
New Mexico,2003,38157.34367781163
New Mexico,2004,39266.13461284058
New Mexico,2005,40264.78268443484
New Mexico,2006,40999.314202246824
New Mexico,2007,41928.15967663358
New Mexico,2008,42238.61820871555
New Mexico,2009,41443.8552137266
New Mexico,2010,40838.19733011948
New Mexico,2011,41902.736025349426
New Mexico,2012,41523.999533967304
New Mexico,2013,40116.39294968371
New Mexico,2014,41873.288085765846
New Mexico,2015,43224.7198953453
New Mexico,2016,43482.15635457359
New Mexico,2017,43201.11657663301
New Mexico,2018,44362.698575757604
New Mexico,2019,45445.78258843969
New York,1980,37365.742787029296
New York,1981,47918.711699696134
New York,1982,48031.930264418
New York,1983,49571.55995438104
New York,1984,51975.14497781803
New York,1985,53563.593574421386
New York,1986,54851.35945051632
New York,1987,57145.98680322664
New York,1988,59893.6214604171
New York,1989,61353.02196668094
New York,1990,86490.66331863285
New York,1991,81192.70903771975
New York,1992,81467.63953253625
New York,1993,80519.27768477773
New York,1994,80938.38611172495
New York,1995,81822.32412284547
New York,1996,84399.41001424831
New York,1997,86426.61265340823
New York,1998,89359.702034923
New York,1999,93078.06031521413
New York,2000,56360.032573607976
New York,2001,56068.028138151014
New York,2002,55076.80907270382
New York,2003,54164.99850975185
New York,2004,55330.46255481424
New York,2005,55950.78637939819
New York,2006,57932.60795447487
New York,2007,60927.42531051137
New York,2008,59522.41095419629
New York,2009,58360.19380321405
New York,2010,59624.86311716689
New York,2011,61648.037561009885
New York,2012,62741.75733350718
New York,2013,62291.10171094236
New York,2014,63875.287154622034
New York,2015,66825.63718252939
New York,2016,68413.00893733931
New York,2017,71533.61811025409
New York,2018,73093.95406303187
New York,2019,75225.93577791266
North Carolina,1980,28423.88866547643
North Carolina,1981,32680.568550713433
North Carolina,1982,32559.087246787054
North Carolina,1983,33773.09394338361
North Carolina,1984,36027.66241803647
North Carolina,1985,36973.56226467176
North Carolina,1986,37861.084829231
North Carolina,1987,39683.43038327949
North Carolina,1988,41145.19697968139
North Carolina,1989,42300.69673652639
North Carolina,1990,38756.273203298115
North Carolina,1991,37888.52849725818
North Carolina,1992,39278.59446651446
North Carolina,1993,39907.56199529677
North Carolina,1994,40754.89648929632
North Carolina,1995,41754.12971795348
North Carolina,1996,42803.73596330523
North Carolina,1997,43711.159113070375
North Carolina,1998,44819.637088362804
North Carolina,1999,45607.9249165556
North Carolina,2000,43085.19074089504
North Carolina,2001,42072.00384116067
North Carolina,2002,41616.010272946296
North Carolina,2003,41631.31004353669
North Carolina,2004,43589.68051699867
North Carolina,2005,44799.984732834404
North Carolina,2006,45862.30103641572
North Carolina,2007,47317.412632363266
North Carolina,2008,47350.71046388182
North Carolina,2009,45059.49299915009
North Carolina,2010,43442.623445479694
North Carolina,2011,44011.92020801959
North Carolina,2012,45288.679331068925
North Carolina,2013,43660.93454478618
North Carolina,2014,45093.07790032408
North Carolina,2015,47194.4849391907
North Carolina,2016,47705.96809895134
North Carolina,2017,48268.06659035901
North Carolina,2018,49201.91340332506
North Carolina,2019,50103.202552478346
North Dakota,1980,27408.62741816132
North Dakota,1981,31766.811501864333
North Dakota,1982,31251.786638403468
North Dakota,1983,31301.23079697174
North Dakota,1984,32235.548211992213
North Dakota,1985,32344.6372638963
North Dakota,1986,31921.743741785544
North Dakota,1987,32834.21459271038
North Dakota,1988,29494.153912289545
North Dakota,1989,32053.455669042167
North Dakota,1990,33403.45701016868
North Dakota,1991,32120.664218378875
North Dakota,1992,34174.361424516035
North Dakota,1993,33393.64249363097
North Dakota,1994,35220.39734457471
North Dakota,1995,34140.07529724802
North Dakota,1996,37017.796810107786
North Dakota,1997,35209.83918020222
North Dakota,1998,38129.1154227146
North Dakota,1999,38252.56524424803
North Dakota,2000,40647.45234151006
North Dakota,2001,40203.02134486471
North Dakota,2002,40797.85064877439
North Dakota,2003,43227.6560550186
North Dakota,2004,42964.357114055776
North Dakota,2005,44333.10125258496
North Dakota,2006,44570.30821135887
North Dakota,2007,48308.07671254262
North Dakota,2008,51667.94005188283
North Dakota,2009,50918.40274512292
North Dakota,2010,52951.638003977874
North Dakota,2011,57447.91069243867
North Dakota,2012,64408.95222852093
North Dakota,2013,61513.50594022938
North Dakota,2014,63376.015239003056
North Dakota,2015,60642.984463597095
North Dakota,2016,57751.76158224368
North Dakota,2017,57319.64792746617
North Dakota,2018,59393.16365937274
North Dakota,2019,60032.4688559739
Ohio,1980,33698.87806635725
Ohio,1981,41245.521438344105
Ohio,1982,40018.37436211645
Ohio,1983,40909.19670412822
Ohio,1984,43335.4539178428
Ohio,1985,44445.732513463554
Ohio,1986,44766.69986627924
Ohio,1987,46664.89592611614
Ohio,1988,47882.2265911131
Ohio,1989,49106.058627475395
Ohio,1990,54085.317846518315
Ohio,1991,52034.56963885364
Ohio,1992,53955.27580758394
Ohio,1993,53791.60818524729
Ohio,1994,55305.63084928776
Ohio,1995,55805.5850458865
Ohio,1996,56502.350613544426
Ohio,1997,57875.76739599583
Ohio,1998,59928.1319928664
Ohio,1999,60582.61008008238
Ohio,2000,44841.42351100399
Ohio,2001,44262.50137128728
Ohio,2002,44314.02929115023
Ohio,2003,44296.10269685752
Ohio,2004,44992.63703801321
Ohio,2005,44974.8610414219
Ohio,2006,45336.13175848134
Ohio,2007,46150.750778414105
Ohio,2008,45620.97951012923
Ohio,2009,44341.81244747377
Ohio,2010,44529.764804906525
Ohio,2011,46768.43876260033
Ohio,2012,47222.11781587137
Ohio,2013,46971.92808923332
Ohio,2014,48116.03768030212
Ohio,2015,50088.06229910031
Ohio,2016,50391.14447348015
Ohio,2017,50898.55376978969
Ohio,2018,51896.72348341278
Ohio,2019,52655.502347195325
Oklahoma,1980,32854.69326377781
Oklahoma,1981,33546.40990969199
Oklahoma,1982,33399.69076448234
Oklahoma,1983,32121.67378511122
Oklahoma,1984,33095.5220544733
Oklahoma,1985,33392.36016106817
Oklahoma,1986,32504.36069656066
Oklahoma,1987,32397.682632543394
Oklahoma,1988,32881.41952674881
Oklahoma,1989,33649.84781911417
Oklahoma,1990,39930.84042438767
Oklahoma,1991,38561.00999319745
Oklahoma,1992,39147.35971096782
Oklahoma,1993,38959.57098547761
Oklahoma,1994,39299.79852378286
Oklahoma,1995,39597.6190300934
Oklahoma,1996,40513.13475173202
Oklahoma,1997,41096.987307162715
Oklahoma,1998,42132.12420895298
Oklahoma,1999,42245.137706288166
Oklahoma,2000,37692.57012751677
Oklahoma,2001,38424.567255103444
Oklahoma,2002,38572.233704159546
Oklahoma,2003,39093.41607930683
Oklahoma,2004,41148.76818461871
Oklahoma,2005,43467.26242589711
Oklahoma,2006,45896.32538921182
Oklahoma,2007,46073.910909122336
Oklahoma,2008,48462.70072958467
Oklahoma,2009,44517.239662735185
Oklahoma,2010,44489.102037662116
Oklahoma,2011,46733.79424114431
Oklahoma,2012,48191.7730548225
Oklahoma,2013,49257.287814598734
Oklahoma,2014,51253.389256025344
Oklahoma,2015,49848.712072917646
Oklahoma,2016,46671.01540762272
Oklahoma,2017,47600.54789672666
Oklahoma,2018,48805.6968478344
Oklahoma,2019,49657.54216123226
Oregon,1980,34849.43892834622
Oregon,1981,33200.05320727701
Oregon,1982,31583.575455989
Oregon,1983,32527.520735723385
Oregon,1984,33636.57682148763
Oregon,1985,34044.24788998533
Oregon,1986,34317.12492824954
Oregon,1987,35372.25636138581
Oregon,1988,36452.204456031795
Oregon,1989,37654.032693152665
Oregon,1990,47934.65843623012
Oregon,1991,46557.59550086983
Oregon,1992,48222.90686624404
Oregon,1993,48553.8907788305
Oregon,1994,50313.57457495443
Oregon,1995,52157.398819288406
Oregon,1996,53146.33820912093
Oregon,1997,54180.11510791271
Oregon,1998,55301.93593840241
Oregon,1999,56358.27989311237
Oregon,2000,44654.728864994104
Oregon,2001,43754.95851783033
Oregon,2002,43195.514481011065
Oregon,2003,43120.77088753601
Oregon,2004,44349.22123084938
Oregon,2005,44851.44810392169
Oregon,2006,46296.08073641827
Oregon,2007,46729.57231517641
Oregon,2008,46085.32029889371
Oregon,2009,44132.73193926012
Oregon,2010,43978.82436309666
Oregon,2011,45273.487915963124
Oregon,2012,46024.66579502931
Oregon,2013,45740.051925572334
Oregon,2014,47821.2315971198
Oregon,2015,50944.06878343088
Oregon,2016,51905.96442549082
Oregon,2017,52999.91772612719
Oregon,2018,54827.417151678776
Oregon,2019,55793.84171171312
Pennsylvania,1980,34076.42076791359
Pennsylvania,1981,44567.645020609496
Pennsylvania,1982,44049.86412687921
Pennsylvania,1983,44046.821380916546
Pennsylvania,1984,46246.61123049035
Pennsylvania,1985,47560.62022970658
Pennsylvania,1986,48039.483072605624
Pennsylvania,1987,50044.78695492262
Pennsylvania,1988,51839.753071849584
Pennsylvania,1989,54219.59687110456
Pennsylvania,1990,62952.87934209959
Pennsylvania,1991,61589.53946078466
Pennsylvania,1992,62376.392229733414
Pennsylvania,1993,62152.39046675037
Pennsylvania,1994,62047.13611987483
Pennsylvania,1995,62887.52216173442
Pennsylvania,1996,63814.18521950013
Pennsylvania,1997,65378.295965488534
Pennsylvania,1998,67731.38936184956
Pennsylvania,1999,69480.13669394105
Pennsylvania,2000,47531.43758938131
Pennsylvania,2001,47574.888659895245
Pennsylvania,2002,47800.58402933395
Pennsylvania,2003,47982.224884005234
Pennsylvania,2004,49648.73572130256
Pennsylvania,2005,50297.27542833031
Pennsylvania,2006,50691.058157369465
Pennsylvania,2007,52521.46530498284
Pennsylvania,2008,51995.7998466689
Pennsylvania,2009,50712.94645647653
Pennsylvania,2010,51192.84034909404
Pennsylvania,2011,52920.385234063266
Pennsylvania,2012,53481.539856015006
Pennsylvania,2013,53045.57247916839
Pennsylvania,2014,54507.423719623264
Pennsylvania,2015,56858.841710536355
Pennsylvania,2016,57735.94724293338
Pennsylvania,2017,57938.86672886584
Pennsylvania,2018,59652.21295961674
Pennsylvania,2019,60871.46052695923
Rhode Island,1980,33657.89519958929
Rhode Island,1981,33341.38866277706
Rhode Island,1982,33133.69614740615
Rhode Island,1983,34461.70245206233
Rhode Island,1984,36078.69026918748
Rhode Island,1985,37265.553747736965
Rhode Island,1986,38094.91972974128
Rhode Island,1987,39745.39292506519
Rhode Island,1988,41784.62777246485
Rhode Island,1989,43344.18177765607
Rhode Island,1990,65706.24004586934
Rhode Island,1991,61403.87035760925
Rhode Island,1992,62408.21865904981
Rhode Island,1993,61840.01610404023
Rhode Island,1994,59200.29629330771
Rhode Island,1995,58867.26419686307
Rhode Island,1996,58154.18929703318
Rhode Island,1997,58573.52469606801
Rhode Island,1998,61821.51640403819
Rhode Island,1999,62087.31890385327
Rhode Island,2000,47705.49210894643
Rhode Island,2001,48077.11505577101
Rhode Island,2002,49109.80347482247
Rhode Island,2003,50038.970629231495
Rhode Island,2004,51614.6519308533
Rhode Island,2005,51579.29693219057
Rhode Island,2006,52272.218230285784
Rhode Island,2007,53537.28364988728
Rhode Island,2008,52184.277240866366
Rhode Island,2009,50954.471876717595
Rhode Island,2010,52284.36871318709
Rhode Island,2011,53477.052252778296
Rhode Island,2012,53788.35006890813
Rhode Island,2013,52833.56736756201
Rhode Island,2014,54209.30913584592
Rhode Island,2015,56331.243382723645
Rhode Island,2016,56439.533655397354
Rhode Island,2017,57219.184617951694
Rhode Island,2018,57948.33518496021
Rhode Island,2019,59119.25725314084
South Carolina,1980,27149.981015963895
South Carolina,1981,26859.026515738668
South Carolina,1982,26142.285761077004
South Carolina,1983,27136.3447087119
South Carolina,1984,28680.861171932476
South Carolina,1985,29357.134993264728
South Carolina,1986,29820.118363480593
South Carolina,1987,31199.234691924463
South Carolina,1988,32270.703961299754
South Carolina,1989,33187.02230444764
South Carolina,1990,34337.79672614482
South Carolina,1991,33456.03626315556
South Carolina,1992,34096.28805463458
South Carolina,1993,34297.4764616425
South Carolina,1994,34901.27123016108
South Carolina,1995,35631.090228626985
South Carolina,1996,36487.35941513791
South Carolina,1997,37055.1022849557
South Carolina,1998,38490.12091624677
South Carolina,1999,39335.06264311671
South Carolina,2000,39345.33660292286
South Carolina,2001,38846.42647505829
South Carolina,2002,39045.7794611975
South Carolina,2003,38878.89361593618
South Carolina,2004,39754.16892035268
South Carolina,2005,40447.39846507664
South Carolina,2006,41218.06413769596
South Carolina,2007,42183.10299729541
South Carolina,2008,41371.76321539852
South Carolina,2009,39888.90952359025
South Carolina,2010,39517.56314273502
South Carolina,2011,40789.96973707893
South Carolina,2012,41338.98400657405
South Carolina,2013,40838.50204640334
South Carolina,2014,42341.875792286985
South Carolina,2015,44494.69278123447
South Carolina,2016,45201.943479221816
South Carolina,2017,45897.160657291046
South Carolina,2018,46749.83859876732
South Carolina,2019,47661.523353152785
South Dakota,1980,28075.57805596684
South Dakota,1981,29292.359832978153
South Dakota,1982,28472.777036526884
South Dakota,1983,28377.188137061523
South Dakota,1984,30769.618717308844
South Dakota,1985,30419.40248909464
South Dakota,1986,30628.8554352969
South Dakota,1987,31881.236807581994
South Dakota,1988,31870.904333060163
South Dakota,1989,32903.15049746024
South Dakota,1990,34214.92070029743
South Dakota,1991,33430.58542687103
South Dakota,1992,34762.54328012657
South Dakota,1993,34743.5149880651
South Dakota,1994,36129.5955417286
South Dakota,1995,35486.53350234456
South Dakota,1996,37924.58587226006
South Dakota,1997,37512.35123868741
South Dakota,1998,39764.7188296584
South Dakota,1999,40719.365224372305
South Dakota,2000,41974.95663816154
South Dakota,2001,41619.28149359632
South Dakota,2002,40942.57303209149
South Dakota,2003,43279.540753176545
South Dakota,2004,45118.90720554558
South Dakota,2005,46261.281817762116
South Dakota,2006,46411.318128902276
South Dakota,2007,49979.00960101554
South Dakota,2008,50711.120229122826
South Dakota,2009,48899.05352005706
South Dakota,2010,50116.67076191486
South Dakota,2011,53407.51385658711
South Dakota,2012,52505.69464162881
South Dakota,2013,51709.22859959648
South Dakota,2014,52844.95346767225
South Dakota,2015,54908.80835211812
South Dakota,2016,54288.944652077436
South Dakota,2017,54113.76222977902
South Dakota,2018,56034.57076536233
South Dakota,2019,56602.588544850136
Tennessee,1980,28155.768298088034
Tennessee,1981,29739.434696923752
Tennessee,1982,29073.645325519978
Tennessee,1983,29813.89966284281
Tennessee,1984,33128.93915127518
Tennessee,1985,33998.237671779316
Tennessee,1986,34796.98851183293
Tennessee,1987,36596.11209407516
Tennessee,1988,37836.4366894979
Tennessee,1989,39504.031682224406
Tennessee,1990,40981.95702685802
Tennessee,1991,39908.57017790639
Tennessee,1992,41978.347459084456
Tennessee,1993,42397.700599260235
Tennessee,1994,43011.09748028567
Tennessee,1995,44155.99094606712
Tennessee,1996,44787.13924422316
Tennessee,1997,45328.03870828489
Tennessee,1998,48187.73155635082
Tennessee,1999,48566.66054704742
Tennessee,2000,42347.69804209463
Tennessee,2001,41489.666931219246
Tennessee,2002,41812.18803425471
Tennessee,2003,41958.49354020453
Tennessee,2004,43115.294068978394
Tennessee,2005,43320.364646285845
Tennessee,2006,43703.16313713848
Tennessee,2007,44272.47939721971
Tennessee,2008,43516.50996559733
Tennessee,2009,42870.98495713577
Tennessee,2010,43407.879167184445
Tennessee,2011,45032.18524854791
Tennessee,2012,45669.07951438837
Tennessee,2013,45055.95203066012
Tennessee,2014,45914.846499708314
Tennessee,2015,48081.828158369164
Tennessee,2016,48607.8281269228
Tennessee,2017,49164.459826830986
Tennessee,2018,50260.80479744442
Tennessee,2019,51066.291769101
Texas,1980,34150.234270147856
Texas,1981,40732.13640964678
Texas,1982,39633.88407437595
Texas,1983,39534.71051583954
Texas,1984,40729.19564920417
Texas,1985,41577.20848388723
Texas,1986,40367.742746340424
Texas,1987,40423.14639607419
Texas,1988,41030.50178105371
Texas,1989,41554.071864795034
Texas,1990,54445.15295328984
Texas,1991,53280.907460267656
Texas,1992,55138.25699113812
Texas,1993,55249.11586271918
Texas,1994,56037.59896943289
Texas,1995,57251.687922681755
Texas,1996,59312.67675054226
Texas,1997,61760.341978196746
Texas,1998,65148.14495984054
Texas,1999,66357.2666179016
Texas,2000,44001.500266668285
Texas,2001,44213.568817855885
Texas,2002,43448.18822026632
Texas,2003,43120.76664463206
Texas,2004,43569.898544607146
Texas,2005,45206.00743154579
Texas,2006,46674.03069352997
Texas,2007,47687.27599097717
Texas,2008,49020.24566426025
Texas,2009,45903.47369570476
Texas,2010,46600.68900403741
Texas,2011,49376.42813638097
Texas,2012,50445.46771613565
Texas,2013,50055.434172306195
Texas,2014,52116.90340015918
Texas,2015,52511.30987372247
Texas,2016,51033.460756040164
Texas,2017,52600.22926904472
Texas,2018,54440.584763638915
Texas,2019,55396.682277443586
Utah,1980,28624.421232562196
Utah,1981,27837.589206151068
Utah,1982,27120.983703854672
Utah,1983,27362.444921629456
Utah,1984,28487.64335567576
Utah,1985,29078.176749099894
Utah,1986,29040.07531898577
Utah,1987,29737.776179915665
Utah,1988,30172.70368893454
Utah,1989,30695.970040419892
Utah,1990,48131.007126094606
Utah,1991,47228.82491630552
Utah,1992,47402.374809270805
Utah,1993,47876.78249700854
Utah,1994,49694.754941707986
Utah,1995,50518.41471424405
Utah,1996,52224.93729124931
Utah,1997,53937.40090938263
Utah,1998,54560.75093784078
Utah,1999,55110.396267383956
Utah,2000,37956.59263218515
Utah,2001,37469.24259438763
Utah,2002,37407.92254977087
Utah,2003,37014.97237074011
Utah,2004,37765.43031838767
Utah,2005,39178.24744729135
Utah,2006,40656.16135642027
Utah,2007,42044.20594579985
Utah,2008,41256.94150267205
Utah,2009,38899.71269894202
Utah,2010,39149.604304845845
Utah,2011,40939.54073661435
Utah,2012,42000.977747844365
Utah,2013,41978.6380585858
Utah,2014,43355.120044020485
Utah,2015,46133.81138357597
Utah,2016,47214.95729432645
Utah,2017,48017.15393585382
Utah,2018,50045.09995892709
Utah,2019,51333.57156027588
Vermont,1980,29904.03171571417
Vermont,1981,29854.494496797164
Vermont,1982,29731.768967824377
Vermont,1983,30534.340415973864
Vermont,1984,31990.04140588103
Vermont,1985,33278.572042057785
Vermont,1986,34171.085700486394
Vermont,1987,36153.17441492218
Vermont,1988,37272.57464112448
Vermont,1989,38849.498994045534
Vermont,1990,37866.761229713295
Vermont,1991,36298.85966530303
Vermont,1992,37579.4530751965
Vermont,1993,37489.98082503389
Vermont,1994,37967.005073738226
Vermont,1995,38504.54928287334
Vermont,1996,39167.55214120909
Vermont,1997,39866.61817944663
Vermont,1998,41952.998233467595
Vermont,1999,43588.71299479231
Vermont,2000,45507.13142314975
Vermont,2001,46364.48796725588
Vermont,2002,46589.30963774821
Vermont,2003,47001.10552397378
Vermont,2004,48624.95781634198
Vermont,2005,48522.99853341586
Vermont,2006,49521.73853213944
Vermont,2007,51017.60759646415
Vermont,2008,51303.39298541073
Vermont,2009,50567.326071366006
Vermont,2010,50458.56399966943
Vermont,2011,52416.79097747034
Vermont,2012,52709.54805877616
Vermont,2013,52507.66559242598
Vermont,2014,53796.96907303743
Vermont,2015,55716.734066629084
Vermont,2016,56178.58863312247
Vermont,2017,56190.35446870448
Vermont,2018,56990.38226317544
Vermont,2019,57998.62817303541
Virginia,1980,36016.58108281435
Virginia,1981,39930.529596354114
Virginia,1982,40297.96905388755
Virginia,1983,41276.497363063725
Virginia,1984,43350.57592500622
Virginia,1985,44610.63677218252
Virginia,1986,45410.536031516356
Virginia,1987,47275.03151320484
Virginia,1988,48724.15814123504
Virginia,1989,50607.409447742284
Virginia,1990,48246.92174030248
Virginia,1991,46891.74077602599
Virginia,1992,47637.200789812436
Virginia,1993,47775.83858057312
Virginia,1994,48305.10558071083
Virginia,1995,48641.648878097054
Virginia,1996,49113.28341142799
Virginia,1997,50068.71955365254
Virginia,1998,51983.24600758772
Virginia,1999,53834.52946637965
Virginia,2000,51143.298478415636
Virginia,2001,51250.07563969418
Virginia,2002,51365.13943589444
Virginia,2003,52358.61746701366
Virginia,2004,54292.38365407393
Virginia,2005,55735.57781661774
Virginia,2006,56655.48435875251
Virginia,2007,57857.72267756621
Virginia,2008,56982.424998712784
Virginia,2009,55430.60711363316
Virginia,2010,55390.92709090259
Virginia,2011,57189.36860049881
Virginia,2012,57627.5608916603
Virginia,2013,55841.478937161715
Virginia,2014,57126.30763680285
Virginia,2015,59492.37313723702
Virginia,2016,59935.85169908159
Virginia,2017,60465.60978195988
Virginia,2018,61709.02068553381
Virginia,2019,62575.76041493106
Washington,1980,37990.15744002181
Washington,1981,36842.743197555516
Washington,1982,35816.70445982494
Washington,1983,36657.10928897823
Washington,1984,37275.73773432599
Washington,1985,37790.39935675233
Washington,1986,39232.47065466509
Washington,1987,41170.4510895658
Washington,1988,42017.07587655168
Washington,1989,43400.45636144533
Washington,1990,66790.50205153499
Washington,1991,66999.70391408255
Washington,1992,68009.07621249667
Washington,1993,67221.64958063443
Washington,1994,67033.216202864
Washington,1995,67607.59559690802
Washington,1996,69358.64934884736
Washington,1997,71467.67099458275
Washington,1998,76518.60276311332
Washington,1999,79431.36780389576
Washington,2000,51466.11492254993
Washington,2001,50166.52383964592
Washington,2002,49853.74865438759
Washington,2003,50017.23268032458
Washington,2004,52023.89139557032
Washington,2005,52052.713614327025
Washington,2006,53609.62558457024
Washington,2007,56108.145613516645
Washington,2008,55576.35782067503
Washington,2009,52448.11054923906
Washington,2010,51958.89938695828
Washington,2011,53483.75340153126
Washington,2012,55481.21521012567
Washington,2013,55199.12510977236
Washington,2014,57959.97992185795
Washington,2015,60764.76436948519
Washington,2016,62174.48432660298
Washington,2017,63515.29428830571
Washington,2018,66229.25162927048
Washington,2019,67926.98420840726
West Virginia,1980,27220.1101860266
West Virginia,1981,26496.96966575846
West Virginia,1982,25997.505279472814
West Virginia,1983,25795.211555506132
West Virginia,1984,26827.612795229903
West Virginia,1985,27281.267479521193
West Virginia,1986,27214.472725824977
West Virginia,1987,27876.074180597545
West Virginia,1988,28982.575927161295
West Virginia,1989,29751.28532314268
West Virginia,1990,30338.801227167616
West Virginia,1991,29844.58807951045
West Virginia,1992,31165.212096303687
West Virginia,1993,31115.537394184084
West Virginia,1994,31637.17361599487
West Virginia,1995,31735.318552768756
West Virginia,1996,32122.801772412353
West Virginia,1997,32536.921603469356
West Virginia,1998,33431.58541312557
West Virginia,1999,33854.50709623917
West Virginia,2000,34928.23327056499
West Virginia,2001,35869.998201319686
West Virginia,2002,36634.87709271673
West Virginia,2003,36103.38810990651
West Virginia,2004,36632.202779475905
West Virginia,2005,37433.12399007923
West Virginia,2006,38370.89850286191
West Virginia,2007,38899.01687726487
West Virginia,2008,39556.24861375838
West Virginia,2009,39786.444137484206
West Virginia,2010,39348.92915818838
West Virginia,2011,40854.475373963374
West Virginia,2012,40811.22586085892
West Virginia,2013,39939.69178403998
West Virginia,2014,40685.94429745446
West Virginia,2015,41805.094777576705
West Virginia,2016,41335.62704922262
West Virginia,2017,42309.7456807107
West Virginia,2018,43853.3382460894
West Virginia,2019,44385.453877714644
Wisconsin,1980,34109.654164500265
Wisconsin,1981,38926.37707182325
Wisconsin,1982,38883.293720008936
Wisconsin,1983,39450.0689533168
Wisconsin,1984,41458.46542736133
Wisconsin,1985,41018.29732546862
Wisconsin,1986,40537.10178511214
Wisconsin,1987,41002.077368389626
Wisconsin,1988,42414.657836002734
Wisconsin,1989,43901.74296613564
Wisconsin,1990,45867.73318965735
Wisconsin,1991,44913.58253553123
Wisconsin,1992,46389.383107480855
Wisconsin,1993,46615.789939207054
Wisconsin,1994,47799.61572220693
Wisconsin,1995,48320.976030998165
Wisconsin,1996,49656.53500516166
Wisconsin,1997,50833.44280448134
Wisconsin,1998,53028.76146525887
Wisconsin,1999,53951.503024016274
Wisconsin,2000,46367.96185614958
Wisconsin,2001,46595.76839914792
Wisconsin,2002,46939.89841531509
Wisconsin,2003,46673.32223135987
Wisconsin,2004,47524.5283399848
Wisconsin,2005,47628.46407269332
Wisconsin,2006,48323.47348233607
Wisconsin,2007,49252.75863542756
Wisconsin,2008,48675.5335847413
Wisconsin,2009,47687.66766412206
Wisconsin,2010,47478.70547266157
Wisconsin,2011,49291.3690383877
Wisconsin,2012,50012.77259564884
Wisconsin,2013,49358.082788969536
Wisconsin,2014,50578.54391580249
Wisconsin,2015,52856.66614268087
Wisconsin,2016,53033.76148125348
Wisconsin,2017,53545.93531360629
Wisconsin,2018,54964.53969191948
Wisconsin,2019,55831.15892833334
Wyoming,1980,39809.380498055914
Wyoming,1981,38904.97018222217
Wyoming,1982,36650.80536274955
Wyoming,1983,34810.61236916702
Wyoming,1984,35223.02422877576
Wyoming,1985,35897.80684324438
Wyoming,1986,34664.51935459306
Wyoming,1987,34208.461760555474
Wyoming,1988,34368.84272563765
Wyoming,1989,36426.65990450264
Wyoming,1990,37688.690548396386
Wyoming,1991,36992.368045124465
Wyoming,1992,37494.69338573377
Wyoming,1993,37863.03448624467
Wyoming,1994,38070.95913627786
Wyoming,1995,38387.62651407393
Wyoming,1996,38841.71061143627
Wyoming,1997,40337.33810251138
Wyoming,1998,42073.64010177456
Wyoming,1999,44192.61098173462
Wyoming,2000,46201.068206135606
Wyoming,2001,47148.938082627064
Wyoming,2002,47286.21944302329
Wyoming,2003,48547.75449064253
Wyoming,2004,50523.828080044215
Wyoming,2005,53673.725230403186
Wyoming,2006,58992.804524507665
Wyoming,2007,60336.88433052989
Wyoming,2008,62129.808363632124
Wyoming,2009,56211.204451197795
Wyoming,2010,55656.9002935825
Wyoming,2011,59839.59670930741
Wyoming,2012,62204.275832211075
Wyoming,2013,60451.88731255052
Wyoming,2014,63821.487355110476
Wyoming,2015,64092.702411694125
Wyoming,2016,60354.13495932545
Wyoming,2017,61436.786964457504
Wyoming,2018,64611.00231382014
Wyoming,2019,65232.34266609364
