date,state,gdp_nom,gdp_act_per_capita
1980-01-01,Alabama,36006,31390.867569499052
1981-01-01,Alabama,40084,31062.68558659153
1982-01-01,Alabama,41478,29640.705149521178
1983-01-01,Alabama,45248,31108.33789138644
1984-01-01,Alabama,49713,32625.11390110678
1985-01-01,Alabama,53688,33856.4860496673
1986-01-01,Alabama,56046,33830.6069121285
1987-01-01,Alabama,60586,35865.741099313935
1988-01-01,Alabama,65435,37120.684099944505
1989-01-01,Alabama,67875,36794.59263535105
1990-01-01,Alabama,71085,39684.866360688684
1991-01-01,Alabama,75293,39373.42160535501
1992-01-01,Alabama,80450,40385.74376459625
1993-01-01,Alabama,83453,40150.02070961709
1994-01-01,Alabama,88581,41318.580746004256
1995-01-01,Alabama,94021,42126.56845014598
1996-01-01,Alabama,97941,42215.2803709325
1980-01-01,Alaska,15138,127883.74470216
1981-01-01,Alaska,21665,157204.76264245473
1982-01-01,Alaska,23348,145662.33328479168
1983-01-01,Alaska,22548,124865.60938706729
1984-01-01,Alaska,23829,120302.9187161491
1985-01-01,Alaska,26219,123349.15536587687
1986-01-01,Alaska,18849,83441.92623739068
1987-01-01,Alaska,22258,98099.99248657611
1988-01-01,Alaska,21307,89740.47364158594
1989-01-01,Alaska,23357,93263.93679053476
1990-01-01,Alaska,24987,97307.65170258319
1991-01-01,Alaska,22164,79190.29943803039
1992-01-01,Alaska,22591,78823.61023985225
1993-01-01,Alaska,22965,77505.19126643361
1994-01-01,Alaska,23110,74253.37536321972
1995-01-01,Alaska,24805,77323.76508119948
1996-01-01,Alaska,26083,75853.62558985123
1980-01-01,Arizona,30431,38005.31326718604
1981-01-01,Arizona,33703,36419.28299650888
1982-01-01,Arizona,34994,33966.44438401773
1983-01-01,Arizona,38835,35379.10702313857
1984-01-01,Arizona,45235,38249.09697614081
1985-01-01,Arizona,50080,39408.08992548258
1986-01-01,Arizona,55191,40195.47583245398
1987-01-01,Arizona,59171,40920.21661325975
1988-01-01,Arizona,63639,41092.31149820072
1989-01-01,Arizona,66390,40043.90299765815
1990-01-01,Arizona,69322,79360.95660924457
1991-01-01,Arizona,72263,77263.30916799321
1992-01-01,Arizona,79695,81347.2273687409
1993-01-01,Arizona,85157,81586.6184996505
1994-01-01,Arizona,95292,86448.2770114607
1995-01-01,Arizona,104036,87475.89345946636
1996-01-01,Arizona,113138,90199.63415226551
1980-01-01,Arkansas,20100,29843.45464916747
1981-01-01,Arkansas,22688,30043.239330922264
1982-01-01,Arkansas,23278,28460.185440694815
1983-01-01,Arkansas,25035,29366.909501118633
1984-01-01,Arkansas,28183,31508.02480771569
1985-01-01,Arkansas,29086,31311.900223047425
1986-01-01,Arkansas,30415,31424.54610533233
1987-01-01,Arkansas,32190,32665.36612903563
1988-01-01,Arkansas,34508,33624.963280159085
1989-01-01,Arkansas,36647,34122.57045215924
1990-01-01,Arkansas,38109,34612.767721886536
1991-01-01,Arkansas,40950,34800.8731655633
1992-01-01,Arkansas,44312,36010.84691015828
1993-01-01,Arkansas,46599,36058.956786153256
1994-01-01,Arkansas,50179,37008.906666928866
1995-01-01,Arkansas,53303,37582.15298238866
1996-01-01,Arkansas,56455,37568.96485507978
1980-01-01,California,324407,46530.99632194929
1981-01-01,California,365182,56617.83689154136
1982-01-01,California,389932,54361.92189372665
1983-01-01,California,423883,55762.89649358719
1984-01-01,California,483246,59554.19153555462
1985-01-01,California,528012,61691.908049120706
1986-01-01,California,568365,61402.948508287336
1987-01-01,California,620177,63878.82494755452
1988-01-01,California,678774,65753.8789595055
1989-01-01,California,734406,66803.79311118711
1990-01-01,California,788322,127412.84885208873
1991-01-01,California,801193,120129.30875314848
1992-01-01,California,819389,118181.9293314116
1993-01-01,California,833656,113540.24416109598
1994-01-01,California,862481,113492.96842036843
1995-01-01,California,908963,114751.91212236733
1996-01-01,California,958476,117110.39342762767
1980-01-01,Colorado,38151,44815.20532382464
1981-01-01,Colorado,43785,44648.43906074136
1982-01-01,Colorado,47424,43449.92803450304
1983-01-01,Colorado,50447,43542.32099125181
1984-01-01,Colorado,55949,45773.59865029893
1985-01-01,Colorado,59265,46269.79487297317
1986-01-01,Colorado,60055,44694.58500144276
1987-01-01,Colorado,62873,45835.70883120953
1988-01-01,Colorado,66265,46367.264995647216
1989-01-01,Colorado,69618,46430.68891646823
1990-01-01,Colorado,74206,59788.379351728276
1991-01-01,Colorado,78624,58387.59324335355
1992-01-01,Colorado,85110,60895.99084021414
1993-01-01,Colorado,92540,62314.02453512783
1994-01-01,Colorado,100434,63912.77697552854
1995-01-01,Colorado,108043,64076.66257198581
1996-01-01,Colorado,116045,65771.79626046713
1980-01-01,Connecticut,40257,43977.60216917029
1981-01-01,Connecticut,45065,43736.82818428956
1982-01-01,Connecticut,49392,44136.60987597315
1983-01-01,Connecticut,54424,46548.41319506111
1984-01-01,Connecticut,62067,50618.68299867596
1985-01-01,Connecticut,67434,52772.41719983661
1986-01-01,Connecticut,73490,54925.84886695988
1987-01-01,Connecticut,81251,59474.20991375151
1988-01-01,Connecticut,89328,62319.96581451062
1989-01-01,Connecticut,94578,62931.59764357708
1990-01-01,Connecticut,98976,106949.87639348279
1991-01-01,Connecticut,100229,99364.8048618063
1992-01-01,Connecticut,104171,100695.44381970554
1993-01-01,Connecticut,106319,100116.31642081337
1994-01-01,Connecticut,111171,101821.65523366023
1995-01-01,Connecticut,120800,108209.0563475815
1996-01-01,Connecticut,126744,109197.97450036871
1980-01-01,Delaware,7889,45060.95118024441
1981-01-01,Delaware,8870,45194.80401877199
1982-01-01,Delaware,9578,44841.96627114825
1983-01-01,Delaware,10671,47673.358815140746
1984-01-01,Delaware,12011,50939.197678300625
1985-01-01,Delaware,13222,53572.2584297155
1986-01-01,Delaware,14217,54583.95206510435
1987-01-01,Delaware,15553,58040.001087649594
1988-01-01,Delaware,16989,59885.3907663121
1989-01-01,Delaware,19008,63090.113943394
1990-01-01,Delaware,20118,83634.8681723078
1991-01-01,Delaware,21925,85672.50274316153
1992-01-01,Delaware,23031,85635.36193011703
1993-01-01,Delaware,23590,83101.43128337132
1994-01-01,Delaware,25128,84606.80023692177
1995-01-01,Delaware,27507,89667.16742603134
1996-01-01,Delaware,28885,89733.59932190925
1981-01-01,District of Columbia,21444,102242.32146128327
1982-01-01,District of Columbia,22782,100767.222984846
1983-01-01,District of Columbia,24308,103956.82791642238
1984-01-01,District of Columbia,26436,108245.39080432513
1985-01-01,District of Columbia,28483,112448.62045916416
1986-01-01,District of Columbia,30051,113437.63932955742
1987-01-01,District of Columbia,32240,120314.83573566988
1988-01-01,District of Columbia,35345,127979.2690074153
1989-01-01,District of Columbia,37735,132082.51918283454
1990-01-01,District of Columbia,40056,240902.2763304458
1991-01-01,District of Columbia,41806,227733.40567356517
1992-01-01,District of Columbia,43757,216165.9613666465
1993-01-01,District of Columbia,45713,214432.25030088585
1994-01-01,District of Columbia,46842,212356.05294780768
1995-01-01,District of Columbia,47123,212306.35148225055
1996-01-01,District of Columbia,47560,218612.59701361344
1980-01-01,Florida,100627,35049.802722991655
1981-01-01,Florida,115287,44354.81178870383
1982-01-01,Florida,124779,43363.769616658996
1983-01-01,Florida,139474,45179.02252103341
1984-01-01,Florida,158808,49384.3596704699
1985-01-01,Florida,173754,51505.07826149812
1986-01-01,Florida,188134,51700.91650408748
1987-01-01,Florida,206894,54658.368704910376
1988-01-01,Florida,226571,55573.853326769924
1989-01-01,Florida,243320,56326.70199028736
1990-01-01,Florida,257242,65928.91065145547
1991-01-01,Florida,267851,63516.744170352955
1992-01-01,Florida,283800,64224.09018323239
1993-01-01,Florida,302063,64774.05317469217
1994-01-01,Florida,322073,66246.24413097861
1995-01-01,Florida,340501,66212.77653978241
1996-01-01,Florida,362950,67428.7247415292
1980-01-01,Georgia,56314,34993.60829343339
1981-01-01,Georgia,63715,37435.36354081898
1982-01-01,Georgia,68257,36470.44769192744
1983-01-01,Georgia,76599,38883.12607029304
1984-01-01,Georgia,88641,42297.90844956052
1985-01-01,Georgia,98689,45257.943767141165
1986-01-01,Georgia,108412,46772.32507948996
1987-01-01,Georgia,116822,48643.55539301336
1988-01-01,Georgia,126149,50376.46841101699
1989-01-01,Georgia,133070,50029.5400429217
1990-01-01,Georgia,139526,51905.66891954121
1991-01-01,Georgia,146334,50796.899304146
1992-01-01,Georgia,158265,52269.7825926626
1993-01-01,Georgia,168959,52759.64649227288
1994-01-01,Georgia,184256,54517.209459761405
1995-01-01,Georgia,199138,56253.13602053414
1996-01-01,Georgia,215128,57435.800052611885
1980-01-01,Hawaii,13337,46933.37889329196
1981-01-01,Hawaii,14456,44876.174062785925
1982-01-01,Hawaii,15396,43455.19145950342
1983-01-01,Hawaii,16843,44983.69817345383
1984-01-01,Hawaii,18554,46811.738372524735
1985-01-01,Hawaii,19985,48154.72418374949
1986-01-01,Hawaii,21547,49361.137953017824
1987-01-01,Hawaii,23321,51908.47837241341
1988-01-01,Hawaii,25733,54398.42893951938
1989-01-01,Hawaii,28423,56731.55657049776
1990-01-01,Hawaii,31898,95543.87794511653
1991-01-01,Hawaii,33579,93416.8114445965
1992-01-01,Hawaii,35204,93814.26977079062
1993-01-01,Hawaii,35929,89704.59225656514
1994-01-01,Hawaii,36256,87801.58046676747
1995-01-01,Hawaii,36572,83926.46142634371
1996-01-01,Hawaii,36959,81775.72975953016
1980-01-01,Idaho,9826,35338.37439643348
1981-01-01,Idaho,10584,33402.05137242063
1982-01-01,Idaho,10587,30497.918975671542
1983-01-01,Idaho,11686,32191.484697818883
1984-01-01,Idaho,12483,32673.639479214053
1985-01-01,Idaho,12999,32759.393157566992
1986-01-01,Idaho,13104,31884.47305444008
1987-01-01,Idaho,13826,33364.1348316445
1988-01-01,Idaho,15127,35032.46206528518
1989-01-01,Idaho,16753,36806.49264036442
1990-01-01,Idaho,17769,36451.3846176015
1991-01-01,Idaho,18601,35114.99861335592
1992-01-01,Idaho,20332,36324.30125688062
1993-01-01,Idaho,22696,39012.12077759333
1994-01-01,Idaho,24817,41014.914705924166
1995-01-01,Idaho,27099,42672.18831934052
1996-01-01,Idaho,28152,42154.8622222764
1980-01-01,Illinois,146414,43499.132391548344
1981-01-01,Illinois,160806,52827.33286563007
1982-01-01,Illinois,165181,50234.62093014945
1983-01-01,Illinois,173528,50966.915132470385
1984-01-01,Illinois,194740,54824.50688425017
1985-01-01,Illinois,206509,56850.883373557066
1986-01-01,Illinois,218492,57300.45944185825
1987-01-01,Illinois,230594,59634.54347197221
1988-01-01,Illinois,251086,61694.43510231626
1989-01-01,Illinois,265152,62224.24022488233
1990-01-01,Illinois,277241,94030.1436736591
1991-01-01,Illinois,286582,91768.30853463888
1992-01-01,Illinois,303989,92617.55160489862
1993-01-01,Illinois,317216,93969.7891093662
1994-01-01,Illinois,343363,98604.55038875212
1995-01-01,Illinois,359723,99694.54431286843
1996-01-01,Illinois,377271,101025.974198876
1980-01-01,Indiana,58687,36288.05932938069
1981-01-01,Indiana,64550,42793.9039460211
1982-01-01,Indiana,64681,39718.58681512367
1983-01-01,Indiana,68982,41002.44256402431
1984-01-01,Indiana,78559,44696.21539261208
1985-01-01,Indiana,81781,44935.844090790524
1986-01-01,Indiana,86148,45577.33891583697
1987-01-01,Indiana,91170,47388.25677543495
1988-01-01,Indiana,98740,49086.60781013546
1989-01-01,Indiana,106498,50321.90726774867
1990-01-01,Indiana,110084,46870.189090225045
1991-01-01,Indiana,113831,45514.869876352925
1992-01-01,Indiana,123570,47656.016780785394
1993-01-01,Indiana,130561,47854.793871217764
1994-01-01,Indiana,141157,49574.703132949304
1995-01-01,Indiana,147984,49674.39303291196
1996-01-01,Indiana,155512,50547.32369829076
1980-01-01,Iowa,34032,39649.56605556398
1981-01-01,Iowa,37866,39541.18433855949
1982-01-01,Iowa,36910,35847.08482660646
1983-01-01,Iowa,36957,34822.08706670249
1984-01-01,Iowa,41031,37225.06974788055
1985-01-01,Iowa,42381,37520.11488731291
1986-01-01,Iowa,43111,37203.67534613967
1987-01-01,Iowa,45055,38703.82509608003
1988-01-01,Iowa,48891,40313.365967804624
1989-01-01,Iowa,52771,41612.83030013035
1990-01-01,Iowa,55876,43608.767412748515
1991-01-01,Iowa,57677,42502.91750376556
1992-01-01,Iowa,61313,43665.94244435013
1993-01-01,Iowa,62709,43275.792228500446
1994-01-01,Iowa,69150,46341.55652208676
1995-01-01,Iowa,71905,47076.17202914708
1996-01-01,Iowa,77244,48787.846712003004
1980-01-01,Kansas,28247,40569.133373255885
1981-01-01,Kansas,32007,40754.29363490051
1982-01-01,Kansas,33528,39166.28429086173
1983-01-01,Kansas,35213,39428.66402759774
1984-01-01,Kansas,38441,41127.13780630844
1985-01-01,Kansas,40763,42068.13534587504
1986-01-01,Kansas,41716,41317.78342171417
1987-01-01,Kansas,43883,42655.024675268665
1988-01-01,Kansas,46268,42898.5487473502
1989-01-01,Kansas,48335,42703.94581097328
1990-01-01,Kansas,51274,49961.89988078893
1991-01-01,Kansas,53345,48803.6600512608
1992-01-01,Kansas,56091,49894.85098726279
1993-01-01,Kansas,57925,49576.540752291505
1994-01-01,Kansas,61805,50834.88507515325
1995-01-01,Kansas,63699,50688.856852221244
1996-01-01,Kansas,67965,52060.77792435333
1980-01-01,Kentucky,36593,33934.12371268834
1981-01-01,Kentucky,40659,33638.49109721136
1982-01-01,Kentucky,41723,31772.98986892426
1983-01-01,Kentucky,43374,31754.051194673903
1984-01-01,Kentucky,48829,34268.16938902039
1985-01-01,Kentucky,51547,34949.429718081374
1986-01-01,Kentucky,53348,34854.379261729846
1987-01-01,Kentucky,56565,36502.972778154355
1988-01-01,Kentucky,60727,37668.761280071485
1989-01-01,Kentucky,64718,38450.17942991717
1990-01-01,Kentucky,67508,42433.14379043821
1991-01-01,Kentucky,70536,41610.409494603795
1992-01-01,Kentucky,76572,43433.03588446658
1993-01-01,Kentucky,80361,43542.9126819996
1994-01-01,Kentucky,86283,45016.538157576804
1995-01-01,Kentucky,90459,45376.724329937235
1996-01-01,Kentucky,94987,46064.12912346214
1980-01-01,Louisiana,64007,51663.09583119195
1981-01-01,Louisiana,77638,55041.07088457104
1982-01-01,Louisiana,78484,50578.65499079287
1983-01-01,Louisiana,77297,47565.903456018095
1984-01-01,Louisiana,83043,48942.272558388766
1985-01-01,Louisiana,84771,48175.288789087186
1986-01-01,Louisiana,75858,41473.811091042575
1987-01-01,Louisiana,76501,41858.639459204074
1988-01-01,Louisiana,82320,43814.09295771808
1989-01-01,Louisiana,86196,44279.70290103753
1990-01-01,Louisiana,93591,50995.38003276866
1991-01-01,Louisiana,94298,48232.466699544406
1992-01-01,Louisiana,88912,43728.03489965083
1993-01-01,Louisiana,93243,44034.88764325431
1994-01-01,Louisiana,101943,46272.28616781142
1995-01-01,Louisiana,109153,47787.19645644607
1996-01-01,Louisiana,114967,48602.07390960821
1980-01-01,Maine,10136,30595.478519548014
1981-01-01,Maine,11145,29869.813558681115
1982-01-01,Maine,12037,29703.921158770194
1983-01-01,Maine,13133,31029.205158905737
1984-01-01,Maine,14853,33333.16155848285
1985-01-01,Maine,16112,34707.76473210809
1986-01-01,Maine,17501,36036.35850079942
1987-01-01,Maine,19316,38759.46521754464
1988-01-01,Maine,21552,40866.89563739946
1989-01-01,Maine,22836,40896.33363246812
1990-01-01,Maine,23343,41374.190810555214
1991-01-01,Maine,23398,38746.929010592015
1992-01-01,Maine,24239,38722.02681014281
1993-01-01,Maine,25013,38577.18254855518
1994-01-01,Maine,26204,39766.043427099205
1995-01-01,Maine,27648,40758.53590777889
1996-01-01,Maine,28636,40877.810371841486
1980-01-01,Maryland,46983,37822.62050768255
1981-01-01,Maryland,52654,37516.129555521664
1982-01-01,Maryland,55913,36619.20058902283
1983-01-01,Maryland,61797,38750.65234311706
1984-01-01,Maryland,69915,41537.66681375055
1985-01-01,Maryland,77318,43890.42960590379
1986-01-01,Maryland,84402,45321.97882547672
1987-01-01,Maryland,92102,47950.5670380763
1988-01-01,Maryland,102026,49999.72612073239
1989-01-01,Maryland,108470,52344.849893434504
1990-01-01,Maryland,113723,73353.3197542365
1991-01-01,Maryland,116226,70135.67377706671
1992-01-01,Maryland,119454,69026.4189949606
1993-01-01,Maryland,124745,69009.96572171609
1994-01-01,Maryland,132052,69215.4477157271
1995-01-01,Maryland,137391,68672.29311774432
1996-01-01,Maryland,142910,68099.5387292831
1980-01-01,Massachusetts,68011,40244.2100494983
1981-01-01,Massachusetts,76205,48526.22260845949
1982-01-01,Massachusetts,82292,49415.426175752276
1983-01-01,Massachusetts,91442,52629.096033839356
1984-01-01,Massachusetts,104948,57412.323405506795
1985-01-01,Massachusetts,115579,60563.993258825394
1986-01-01,Massachusetts,126413,63418.38478420433
1987-01-01,Massachusetts,138536,68103.21653649573
1988-01-01,Massachusetts,151213,70732.46566496995
1989-01-01,Massachusetts,157701,70092.56487658415
1990-01-01,Massachusetts,158903,117331.44448969071
1991-01-01,Massachusetts,160193,110166.30931687987
1992-01-01,Massachusetts,166585,110795.58311145584
1993-01-01,Massachusetts,173234,110365.54864420694
1994-01-01,Massachusetts,185335,115860.36597725653
1995-01-01,Massachusetts,195277,118008.28647673663
1996-01-01,Massachusetts,208288,118453.8408653774
1980-01-01,Michigan,102414,37537.27932327929
1981-01-01,Michigan,113048,43958.56037231058
1982-01-01,Michigan,113401,40187.478597355395
1983-01-01,Michigan,125503,43812.84144349287
1984-01-01,Michigan,141474,47346.36287654056
1985-01-01,Michigan,151822,48909.44239076015
1986-01-01,Michigan,161499,49709.46518279426
1987-01-01,Michigan,166855,50928.64718904268
1988-01-01,Michigan,177353,52454.333771653946
1989-01-01,Michigan,186693,52607.216828018165
1990-01-01,Michigan,189748,68280.77509137995
1991-01-01,Michigan,194253,64390.12722650012
1992-01-01,Michigan,207379,65747.52241264183
1993-01-01,Michigan,221261,67479.43556245
1994-01-01,Michigan,246064,72917.19025577624
1995-01-01,Michigan,251017,70933.15883885762
1996-01-01,Michigan,263871,71706.8620144008
1980-01-01,Minnesota,49717,41408.15051229271
1981-01-01,Minnesota,54966,40594.39830968218
1982-01-01,Minnesota,56952,38667.15736871393
1983-01-01,Minnesota,61029,39857.326465393824
1984-01-01,Minnesota,70296,43848.81977382184
1985-01-01,Minnesota,74808,44787.53468058012
1986-01-01,Minnesota,78194,44801.684412086266
1987-01-01,Minnesota,83947,49450.180636626086
1988-01-01,Minnesota,89991,50149.88415831275
1989-01-01,Minnesota,96165,50772.11875035125
1990-01-01,Minnesota,100327,64113.55960537074
1991-01-01,Minnesota,103791,62570.06128171273
1992-01-01,Minnesota,111919,64824.8498981127
1993-01-01,Minnesota,114946,63323.36409180378
1994-01-01,Minnesota,124733,65241.34204804982
1995-01-01,Minnesota,131357,66028.71453843979
1996-01-01,Minnesota,141664,68442.48048848848
1980-01-01,Mississippi,21535,29003.225165358523
1981-01-01,Mississippi,24273,29029.79227303854
1982-01-01,Mississippi,24860,27273.80096194309
1983-01-01,Mississippi,26234,27633.620135625257
1984-01-01,Mississippi,29068,29241.661575924027
1985-01-01,Mississippi,30579,29598.752231800823
1986-01-01,Mississippi,31296,29073.242520521326
1987-01-01,Mississippi,33626,30877.381451400313
1988-01-01,Mississippi,35699,31580.845698841596
1989-01-01,Mississippi,37309,31663.727821565073
1990-01-01,Mississippi,38768,31220.202459712462
1991-01-01,Mississippi,40839,30892.449271217032
1992-01-01,Mississippi,43676,31871.85742905117
1993-01-01,Mississippi,46717,32626.640376688505
1994-01-01,Mississippi,50642,34086.58652854677
1995-01-01,Mississippi,53816,34776.68353569237
1996-01-01,Mississippi,55997,34877.936715498465
1980-01-01,Missouri,53361,36843.71241898741
1981-01-01,Missouri,58672,43117.508531851694
1982-01-01,Missouri,61625,41860.14211316106
1983-01-01,Missouri,66515,43416.17257020098
1984-01-01,Missouri,75872,47127.63486275484
1985-01-01,Missouri,79389,48504.27573409902
1986-01-01,Missouri,84744,48349.084231359935
1987-01-01,Missouri,89836,50164.71695324117
1988-01-01,Missouri,96489,51440.67191928672
1989-01-01,Missouri,102004,50696.87409910101
1990-01-01,Missouri,104097,52487.43980088247
1991-01-01,Missouri,109548,51881.38357636482
1992-01-01,Missouri,115209,51937.1528016093
1993-01-01,Missouri,118323,51129.46387967526
1994-01-01,Missouri,128473,53399.35898993194
1995-01-01,Missouri,137528,55519.97827661433
1996-01-01,Missouri,145044,55896.048318887806
1980-01-01,Montana,9021,38928.07698663436
1981-01-01,Montana,10317,39391.6590345283
1982-01-01,Montana,10379,36210.90429860309
1983-01-01,Montana,10721,35622.16362952316
1984-01-01,Montana,11219,35444.41595837177
1985-01-01,Montana,11218,34175.39078286387
1986-01-01,Montana,11241,33283.14483858783
1987-01-01,Montana,11653,34405.64688914734
1988-01-01,Montana,11875,33875.58770230978
1989-01-01,Montana,12849,35105.698011493805
1990-01-01,Montana,13417,34821.78398429969
1991-01-01,Montana,14057,34128.573593226494
1992-01-01,Montana,15043,34878.650598121385
1993-01-01,Montana,16112,35366.64720282196
1994-01-01,Montana,16961,35641.51494341901
1995-01-01,Montana,17393,34911.3237588039
1996-01-01,Montana,17998,34760.196709151984
1980-01-01,Nebraska,18143,39234.64765589174
1981-01-01,Nebraska,20762,39940.02088190594
1982-01-01,Nebraska,21193,37581.96562877929
1983-01-01,Nebraska,21727,37092.45701933958
1984-01-01,Nebraska,24609,40174.66258947067
1985-01-01,Nebraska,25840,40849.53378055173
1986-01-01,Nebraska,26105,39951.60683178952
1987-01-01,Nebraska,26801,40665.44713558945
1988-01-01,Nebraska,29270,42517.409583982044
1989-01-01,Nebraska,31409,43572.303696290845
1990-01-01,Nebraska,33776,50769.553804701536
1991-01-01,Nebraska,35619,50522.261003465195
1992-01-01,Nebraska,37950,52210.100562309
1993-01-01,Nebraska,39098,51214.78440273036
1994-01-01,Nebraska,42838,54255.862432946524
1995-01-01,Nebraska,44505,53742.96691892808
1996-01-01,Nebraska,48317,56117.107314504654
1980-01-01,Nevada,12007,50920.05562789879
1981-01-01,Nevada,13598,48714.0369800624
1982-01-01,Nevada,14250,45342.43964107315
1983-01-01,Nevada,15420,46239.6100630248
1984-01-01,Nevada,17023,47733.10984248528
1985-01-01,Nevada,18548,48858.16175787924
1986-01-01,Nevada,20246,49743.080729553476
1987-01-01,Nevada,22367,51948.90768019927
1988-01-01,Nevada,25468,54078.51881552073
1989-01-01,Nevada,28587,54912.57868061727
1990-01-01,Nevada,31820,80522.02775528966
1991-01-01,Nevada,33599,75383.51457272196
1992-01-01,Nevada,36503,78407.26889542337
1993-01-01,Nevada,40038,78879.07843236953
1994-01-01,Nevada,44855,83755.95950847371
1995-01-01,Nevada,48974,85179.71866579245
1996-01-01,Nevada,54085,90200.7665358306
1980-01-01,New Hampshire,9365,34533.76990284312
1981-01-01,New Hampshire,10562,34242.270219894854
1982-01-01,New Hampshire,11463,33927.6771758708
1983-01-01,New Hampshire,12714,35890.93312538874
1984-01-01,New Hampshire,14947,39682.69253153905
1985-01-01,New Hampshire,16867,42391.62486630993
1986-01-01,New Hampshire,18773,44126.03404191032
1987-01-01,New Hampshire,21463,48389.87843195094
1988-01-01,New Hampshire,23171,48857.9108995581
1989-01-01,New Hampshire,23885,47244.794990642324
1990-01-01,New Hampshire,23784,57948.996861950094
1991-01-01,New Hampshire,24778,55355.08498199908
1992-01-01,New Hampshire,26555,57921.92211144148
1993-01-01,New Hampshire,27612,57563.966487683145
1994-01-01,New Hampshire,29456,58421.74388847945
1995-01-01,New Hampshire,32149,60330.64038312089
1996-01-01,New Hampshire,34823,65162.039543996
1980-01-01,New Jersey,89656,41326.53012703002
1981-01-01,New Jersey,99921,48105.190358865366
1982-01-01,New Jersey,106847,47339.88518548977
1983-01-01,New Jersey,118993,50542.32239920284
1984-01-01,New Jersey,134933,54546.71839413749
1985-01-01,New Jersey,147575,58077.73451135756
1986-01-01,New Jersey,160458,60198.97006580593
1987-01-01,New Jersey,175651,64523.41050956344
1988-01-01,New Jersey,196353,68825.45939113492
1989-01-01,New Jersey,206442,69111.27088530516
1990-01-01,New Jersey,214845,86088.16637487544
1991-01-01,New Jersey,221678,82616.29425461096
1992-01-01,New Jersey,233153,83587.77362480888
1993-01-01,New Jersey,243396,82075.72405975855
1994-01-01,New Jersey,254546,82206.58563141327
1995-01-01,New Jersey,266724,82427.56131448876
1996-01-01,New Jersey,281806,84039.81691630816
1980-01-01,New Mexico,16016,41730.81565601909
1981-01-01,New Mexico,18868,42991.03938547888
1982-01-01,New Mexico,19697,40512.079981537594
1983-01-01,New Mexico,20394,39559.77376080168
1984-01-01,New Mexico,22052,40370.29136937026
1985-01-01,New Mexico,23318,40611.96524632485
1986-01-01,New Mexico,22439,36961.75560475455
1987-01-01,New Mexico,22981,36945.85078861919
1988-01-01,New Mexico,23780,36423.429196414196
1989-01-01,New Mexico,25303,36758.7707125508
1990-01-01,New Mexico,26871,38711.78555727362
1991-01-01,New Mexico,30454,40579.008691235686
1992-01-01,New Mexico,32581,40893.382064673475
1993-01-01,New Mexico,36545,43538.177732278695
1994-01-01,New Mexico,41143,46471.61177489407
1995-01-01,New Mexico,41459,44467.288753661676
1996-01-01,New Mexico,43658,44684.72411897811
1980-01-01,New York,234974,45431.27045600159
1981-01-01,New York,261322,58059.069894393564
1982-01-01,New York,282616,57907.635094612
1983-01-01,New York,305226,59879.435837641795
1984-01-01,New York,342054,63611.26821123876
1985-01-01,New York,366828,65678.54240169916
1986-01-01,New York,394133,67668.63290009307
1987-01-01,New York,423760,71089.6674397208
1988-01-01,New York,462765,74175.11385723099
1989-01-01,New York,481344,73115.07720384987
1990-01-01,New York,503608,100753.18437091714
1991-01-01,New York,508889,95523.71054643727
1992-01-01,New York,532616,94891.06097005264
1993-01-01,New York,549229,94081.81639505213
1994-01-01,New York,569398,95075.81644760899
1995-01-01,New York,594444,95217.39851700839
1996-01-01,New York,630003,98854.25338692161
1980-01-01,North Carolina,59303,34227.94446211894
1981-01-01,North Carolina,66372,39084.750910377596
1982-01-01,North Carolina,69384,38018.79599665723
1983-01-01,North Carolina,78202,40856.15226922783
1984-01-01,North Carolina,89299,43995.65854864198
1985-01-01,North Carolina,98016,45861.7141626688
1986-01-01,North Carolina,106209,47200.08872201603
1987-01-01,North Carolina,114126,49289.17473482639
1988-01-01,North Carolina,125205,51213.95044403014
1989-01-01,North Carolina,134644,51922.4309940307
1990-01-01,North Carolina,140272,46655.54825172597
1991-01-01,North Carolina,146502,45537.72900940489
1992-01-01,North Carolina,159245,47144.70180269628
1993-01-01,North Carolina,167200,47169.68312479043
1994-01-01,North Carolina,179574,48601.3641826406
1995-01-01,North Carolina,191579,49534.818763624564
1996-01-01,North Carolina,201329,49865.75142564385
1980-01-01,North Dakota,7697,40032.1080172846
1981-01-01,North Dakota,10024,46153.19660619371
1982-01-01,North Dakota,10027,42043.62722614586
1983-01-01,North Dakota,10102,40377.9831775139
1984-01-01,North Dakota,10739,40927.79856927667
1985-01-01,North Dakota,10740,39742.290991636546
1986-01-01,North Dakota,9803,35279.76323370533
1987-01-01,North Dakota,10308,37058.2756058117
1988-01-01,North Dakota,9743,33940.606804081566
1989-01-01,North Dakota,10702,36174.937788824835
1990-01-01,North Dakota,11480,37387.980020254014
1991-01-01,North Dakota,11664,36066.00155401363
1992-01-01,North Dakota,12788,38363.170896065654
1993-01-01,North Dakota,12907,37324.95149752934
1994-01-01,North Dakota,14036,39398.32972733382
1995-01-01,North Dakota,14515,39420.72832015552
1996-01-01,North Dakota,16075,42305.67753034731
1980-01-01,Ohio,122691,38574.131976539866
1981-01-01,Ohio,134245,47465.857643194184
1982-01-01,Ohio,135922,44555.30603678888
1983-01-01,Ohio,146052,46269.28805915732
1984-01-01,Ohio,165379,50236.33998098939
1985-01-01,Ohio,175989,51655.47510261683
1986-01-01,Ohio,184482,52107.35885758298
1987-01-01,Ohio,192809,54171.800305758494
1988-01-01,Ohio,206251,55398.51261008338
1989-01-01,Ohio,218483,55964.3876034424
1990-01-01,Ohio,228343,60843.55615465654
1991-01-01,Ohio,234736,58814.37337877225
1992-01-01,Ohio,250164,61019.82477561022
1993-01-01,Ohio,258288,60311.43605463753
1994-01-01,Ohio,278508,63307.17178727153
1995-01-01,Ohio,293260,64153.182696531854
1996-01-01,Ohio,305413,64595.67617712762
1980-01-01,Oklahoma,37820,42439.12391191825
1981-01-01,Oklahoma,45828,44946.80091981266
1982-01-01,Oklahoma,49799,43568.78909727918
1983-01-01,Oklahoma,48286,39691.332749136614
1984-01-01,Oklahoma,52035,41074.35455066317
1985-01-01,Oklahoma,53565,41019.20164905019
1986-01-01,Oklahoma,49199,36443.23608062377
1987-01-01,Oklahoma,48904,36211.31441022092
1988-01-01,Oklahoma,52711,37992.091351216215
1989-01-01,Oklahoma,54844,38034.81996329429
1990-01-01,Oklahoma,57709,45076.49199161578
1991-01-01,Oklahoma,59468,43531.81587149851
1992-01-01,Oklahoma,61953,43282.68170233791
1993-01-01,Oklahoma,65000,43476.41985244816
1994-01-01,Oklahoma,67137,43383.071756190664
1995-01-01,Oklahoma,69580,43439.15625618074
1996-01-01,Oklahoma,74936,45161.52797099191
1980-01-01,Oregon,30544,39379.44858802021
1981-01-01,Oregon,32025,36449.96135408138
1982-01-01,Oregon,31923,33601.16640263335
1983-01-01,Oregon,34036,34698.876650206854
1984-01-01,Oregon,37892,36852.8624432051
1985-01-01,Oregon,40064,37552.87948250992
1986-01-01,Oregon,42256,37939.29707386413
1987-01-01,Oregon,44963,39568.69103967623
1988-01-01,Oregon,49641,41336.21654459088
1989-01-01,Oregon,53259,41696.93403384793
1990-01-01,Oregon,57275,52857.48784788592
1991-01-01,Oregon,60078,51159.13290993947
1992-01-01,Oregon,63712,52539.891158362814
1993-01-01,Oregon,69160,53649.8723056859
1994-01-01,Oregon,74435,55872.04974933502
1995-01-01,Oregon,80099,57890.95117609041
1996-01-01,Oregon,91166,62240.8512964573
1980-01-01,Pennsylvania,129625,37091.41250807056
1981-01-01,Pennsylvania,141438,47942.32353960637
1982-01-01,Pennsylvania,145236,45543.09248291406
1983-01-01,Pennsylvania,155246,46460.48717352801
1984-01-01,Pennsylvania,171205,49804.30020217676
1985-01-01,Pennsylvania,181155,51158.16258782389
1986-01-01,Pennsylvania,191652,51984.426515958396
1987-01-01,Pennsylvania,206507,55085.22788273669
1988-01-01,Pennsylvania,223774,57100.45678292571
1989-01-01,Pennsylvania,236685,58323.786677150325
1990-01-01,Pennsylvania,248307,67117.77390231492
1991-01-01,Pennsylvania,258127,65540.53341666711
1992-01-01,Pennsylvania,273513,66630.04975330622
1993-01-01,Pennsylvania,285007,66646.25457566587
1994-01-01,Pennsylvania,298329,67275.322033551
1995-01-01,Pennsylvania,314504,68752.17775513933
1996-01-01,Pennsylvania,325515,68697.58836931812
1980-01-01,Rhode Island,9718,34831.18054124142
1981-01-01,Rhode Island,10820,34476.450930113446
1982-01-01,Rhode Island,11496,33795.060423571165
1983-01-01,Rhode Island,12375,34997.841096578195
1984-01-01,Rhode Island,13923,37539.08272468005
1985-01-01,Rhode Island,15304,39567.22119888069
1986-01-01,Rhode Island,16673,41103.276233536955
1987-01-01,Rhode Island,17854,42884.18422328301
1988-01-01,Rhode Island,19656,45030.28597642825
1989-01-01,Rhode Island,20921,45677.04958923775
1990-01-01,Rhode Island,21537,69239.25187911215
1991-01-01,Rhode Island,21607,64292.83763971211
1992-01-01,Rhode Island,22611,65337.89097634527
1993-01-01,Rhode Island,23591,64796.09233548732
1994-01-01,Rhode Island,24375,62492.328039746106
1995-01-01,Rhode Island,25666,62114.441467946075
1996-01-01,Rhode Island,26665,61603.059635565085
1980-01-01,South Carolina,28010,30459.105667979016
1981-01-01,South Carolina,31503,30089.922781090765
1982-01-01,South Carolina,32794,28677.926377535587
1983-01-01,South Carolina,36345,30396.118266975907
1984-01-01,South Carolina,41944,33247.22169891215
1985-01-01,South Carolina,44850,34013.91265744089
1986-01-01,South Carolina,48522,34973.569979631364
1987-01-01,South Carolina,53238,37433.554981258814
1988-01-01,South Carolina,57963,38777.24752426819
1989-01-01,South Carolina,62001,39186.0022805125
1990-01-01,South Carolina,65710,40006.110356330624
1991-01-01,South Carolina,68380,38845.54289380034
1992-01-01,South Carolina,71584,38931.43166065335
1993-01-01,South Carolina,75528,39303.586587130536
1994-01-01,South Carolina,81033,40454.656738466554
1995-01-01,South Carolina,86053,41383.1192184327
1996-01-01,South Carolina,89260,41334.968036321094
1980-01-01,South Dakota,6853,33679.09543788348
1981-01-01,South Dakota,7758,34163.575798257545
1982-01-01,South Dakota,7814,31737.39498567037
1983-01-01,South Dakota,8196,31989.13895687153
1984-01-01,South Dakota,9290,34555.26100925373
1985-01-01,South Dakota,9706,34815.04390153381
1986-01-01,South Dakota,10150,35138.03459950592
1987-01-01,South Dakota,10731,36646.06146626667
1988-01-01,South Dakota,11243,36760.75880334091
1989-01-01,South Dakota,11861,37195.03620966425
1990-01-01,South Dakota,12825,38208.323597635484
1991-01-01,South Dakota,13832,38641.6325023016
1992-01-01,South Dakota,14894,40006.20620462764
1993-01-01,South Dakota,16020,41134.66608839756
1994-01-01,South Dakota,17014,42138.2025577298
1995-01-01,South Dakota,17807,42456.92482635999
1996-01-01,South Dakota,19073,43985.206808865085
1980-01-01,Tennessee,45392,33563.911828006
1981-01-01,Tennessee,50685,35564.53505272605
1982-01-01,Tennessee,52436,33843.139270581836
1983-01-01,Tennessee,57468,35652.28001323948
1984-01-01,Tennessee,64610,40022.50797475739
1985-01-01,Tennessee,69280,41172.8865253834
1986-01-01,Tennessee,74103,42122.06597729294
1987-01-01,Tennessee,81235,45084.01701463726
1988-01-01,Tennessee,87533,46226.41834020431
1989-01-01,Tennessee,91921,47203.35296553066
1990-01-01,Tennessee,94553,47380.5745051883
1991-01-01,Tennessee,101378,47039.91130564155
1992-01-01,Tennessee,111341,49694.49304000114
1993-01-01,Tennessee,118870,50351.92363644239
1994-01-01,Tennessee,128905,52061.24440307225
1995-01-01,Tennessee,135655,52376.06617582881
1996-01-01,Tennessee,141335,52401.005099853086
1980-01-01,Texas,204612,48816.06727163358
1981-01-01,Texas,247344,59865.14868233903
1982-01-01,Texas,262519,56076.85140489855
1983-01-01,Texas,268188,53526.552766076224
1984-01-01,Texas,293459,55122.13564376426
1985-01-01,Texas,312564,55640.643527516535
1986-01-01,Texas,298781,50478.82249353782
1987-01-01,Texas,302359,50182.00739560956
1988-01-01,Texas,331595,52685.435435170555
1989-01-01,Texas,354671,53414.67256514761
1990-01-01,Texas,384136,70246.884574984
1991-01-01,Texas,398935,68264.73813073394
1992-01-01,Texas,422097,69134.01951259763
1993-01-01,Texas,449185,69632.79482101992
1994-01-01,Texas,478143,71144.50317952971
1995-01-01,Texas,507441,72123.82105539477
1996-01-01,Texas,550014,75312.66839277481
1980-01-01,Utah,15436,35866.20718269951
1981-01-01,Utah,17490,35045.70279467505
1982-01-01,Utah,18547,33385.183116383385
1983-01-01,Utah,19913,33768.925437825834
1984-01-01,Utah,22394,35799.03819683946
1985-01-01,Utah,24401,37207.19673594014
1986-01-01,Utah,24584,35621.47811229968
1987-01-01,Utah,25289,35820.57394824799
1988-01-01,Utah,27401,37024.6900207454
1989-01-01,Utah,28872,36977.44113132734
1990-01-01,Utah,31444,58242.781159151964
1991-01-01,Utah,33691,57105.401687489495
1992-01-01,Utah,35671,56128.15417562015
1993-01-01,Utah,38397,56579.029833013235
1994-01-01,Utah,42218,59675.84285921801
1995-01-01,Utah,46303,61061.24860624009
1996-01-01,Utah,51442,64365.85658883419
1980-01-01,Vermont,4925,32689.61866233674
1981-01-01,Vermont,5514,32474.415366548554
1982-01-01,Vermont,5826,31481.030302292198
1983-01-01,Vermont,6354,32840.79370371088
1984-01-01,Vermont,7006,34500.24707940773
1985-01-01,Vermont,7676,36279.96392471719
1986-01-01,Vermont,8324,37553.816557636295
1987-01-01,Vermont,9286,40854.201274353414
1988-01-01,Vermont,10429,43302.37540010608
1989-01-01,Vermont,11259,44106.62564367425
1990-01-01,Vermont,11727,43121.12574136344
1991-01-01,Vermont,11722,40525.574781160125
1992-01-01,Vermont,12590,42086.634069288804
1993-01-01,Vermont,13070,41948.402785167455
1994-01-01,Vermont,13717,42523.64089575674
1995-01-01,Vermont,13892,41497.12464242545
1996-01-01,Vermont,14632,42184.421559644805
1980-01-01,Virginia,59973,38077.83694181072
1981-01-01,Virginia,67586,42367.69378870256
1982-01-01,Virginia,72905,42668.40511603839
1983-01-01,Virginia,80988,45028.92137775078
1984-01-01,Virginia,91840,48177.667089928065
1985-01-01,Virginia,100366,50134.04304944296
1986-01-01,Virginia,109973,51835.76621479069
1987-01-01,Virginia,120101,54560.35720042382
1988-01-01,Virginia,130443,55792.79367903469
1989-01-01,Virginia,140173,57562.184777816394
1990-01-01,Virginia,147026,54751.85604453993
1991-01-01,Virginia,152673,53014.09373783775
1992-01-01,Virginia,160534,53229.38848381944
1993-01-01,Virginia,168583,53348.45871235041
1994-01-01,Virginia,177008,53815.70647439787
1995-01-01,Virginia,185490,54026.114755805575
1996-01-01,Virginia,196638,55078.18175960557
1980-01-01,Washington,52158,42850.52215617446
1981-01-01,Washington,58003,41582.7323546227
1982-01-01,Washington,61572,40385.52525485298
1983-01-01,Washington,66765,41992.96434550827
1984-01-01,Washington,72596,43344.912074013286
1985-01-01,Washington,75870,43195.53453527126
1986-01-01,Washington,81932,45352.468939392194
1987-01-01,Washington,87712,48128.53056801346
1988-01-01,Washington,96240,49480.19763281914
1989-01-01,Washington,105057,50485.690555188936
1990-01-01,Washington,115650,77904.4687533789
1991-01-01,Washington,122657,77390.24152002386
1992-01-01,Washington,131148,77721.59381030392
1993-01-01,Washington,138834,77335.86486953529
1994-01-01,Washington,146726,77533.29869216362
1995-01-01,Washington,151338,76271.93819318809
1996-01-01,Washington,161760,77779.9142242042
1980-01-01,West Virginia,19031,33137.38160297404
1981-01-01,West Virginia,20503,31860.993102061635
1982-01-01,West Virginia,21285,30624.019916216188
1983-01-01,West Virginia,20963,29150.321348559115
1984-01-01,West Virginia,22848,30738.96747211612
1985-01-01,West Virginia,23609,31016.809940659907
1986-01-01,West Virginia,24013,30736.433007402367
1987-01-01,West Virginia,24713,31622.70510247784
1988-01-01,West Virginia,26163,32631.320847737486
1989-01-01,West Virginia,27280,32991.17468374048
1990-01-01,West Virginia,28336,32829.48464595495
1991-01-01,West Virginia,29352,32078.157674321523
1992-01-01,West Virginia,30977,32832.01139650815
1993-01-01,West Virginia,32404,33059.26376516916
1994-01-01,West Virginia,34855,34654.16382619398
1995-01-01,West Virginia,36362,35080.38608669863
1996-01-01,West Virginia,37346,35068.67467656407
1980-01-01,Wisconsin,53401,38523.95503655681
1981-01-01,Wisconsin,58031,43766.49633655957
1982-01-01,Wisconsin,60008,42842.63957912714
1983-01-01,Wisconsin,63664,43910.73593133801
1984-01-01,Wisconsin,70652,46558.2076143689
1985-01-01,Wisconsin,74607,46173.91054860555
1986-01-01,Wisconsin,78536,45534.449004485214
1987-01-01,Wisconsin,82365,45764.574029514195
1988-01-01,Wisconsin,89936,48620.74112111091
1989-01-01,Wisconsin,95412,48971.84741821586
1990-01-01,Wisconsin,100313,50879.88047772324
1991-01-01,Wisconsin,104859,50100.73778475801
1992-01-01,Wisconsin,112795,51598.53914096093
1993-01-01,Wisconsin,119592,52241.31293464887
1994-01-01,Wisconsin,128394,54122.44791608616
1995-01-01,Wisconsin,134096,54301.57610343945
1996-01-01,Wisconsin,141755,55778.48489853196
1980-01-01,Wyoming,10641,76931.82256401738
1981-01-01,Wyoming,13019,80399.98203154867
1982-01-01,Wyoming,12864,71253.83833491922
1983-01-01,Wyoming,11995,63573.16190332151
1984-01-01,Wyoming,12674,65102.11699067092
1985-01-01,Wyoming,12796,64150.98773692276
1986-01-01,Wyoming,11090,53912.64685193911
1987-01-01,Wyoming,10963,54634.26721213952
1988-01-01,Wyoming,11324,55578.12606345774
1989-01-01,Wyoming,11882,56633.13592783826
1990-01-01,Wyoming,13150,60195.33852907249
1991-01-01,Wyoming,13271,56804.655715962304
1992-01-01,Wyoming,13337,54767.47198996041
1993-01-01,Wyoming,13897,54470.81131847558
1994-01-01,Wyoming,14087,53086.424286339636
1995-01-01,Wyoming,14567,52826.90083539931
1996-01-01,Wyoming,15732,55160.94607323393
1997-01-01,Alabama,104716.9,43402.45449272565
1997-01-01,Alaska,25800,72278.08408906207
1997-01-01,Arizona,132290.9,100027.65185038184
1997-01-01,Arkansas,59826.9,38208.439745507145
1997-01-01,California,1071327.2,125541.208052397
1997-01-01,Colorado,136916.6,72705.43312740498
1997-01-01,Connecticut,138548.4,116277.99676143436
1997-01-01,District of Columbia,52483.3,243711.86365879286
1997-01-01,Delaware,33400,100607.27135629536
1997-01-01,Florida,401688.9,71624.95503228821
1997-01-01,Georgia,242681.6,60758.581400230476
1997-01-01,Hawaii,37700.7,80140.99510130324
1997-01-01,Idaho,29523.9,41971.62254886781
1997-01-01,Illinois,415771.9,106491.62555384931
1997-01-01,Indiana,170481.1,52882.660158671795
1997-01-01,Iowa,82731.1,50505.5897828213
1997-01-01,Kansas,74669.9,54999.78265729349
1997-01-01,Kentucky,104538.2,48742.54685032718
1997-01-01,Louisiana,116426.3,47390.91876624446
1997-01-01,Maine,30623.5,42224.78255052148
1997-01-01,Maryland,159331.2,72567.83881901775
1997-01-01,Massachusetts,237050.7,130562.8844513092
1997-01-01,Michigan,299692.9,78412.59406816137
1997-01-01,Minnesota,156282.5,72247.72529327279
1997-01-01,Mississippi,58383.4,34924.569422638044
1997-01-01,Missouri,163003.6,60157.218047617105
1997-01-01,Montana,19323.1,36072.05287246953
1997-01-01,Nebraska,49945.6,56579.30843469304
1997-01-01,Nevada,60221.3,94904.07225120679
1997-01-01,New Hampshire,38211.6,69798.56871658636
1997-01-01,New Jersey,307689,88755.96577064716
1997-01-01,New Mexico,52502.5,51459.99237875223
1997-01-01,New York,718804,109381.38521903609
1997-01-01,North Carolina,234009.7,55086.1848564775
1997-01-01,North Dakota,15767.7,40314.65702632679
1997-01-01,Ohio,343084.8,70210.97660223595
1997-01-01,Oklahoma,79044.3,45705.20503686528
1997-01-01,Oregon,100927.9,66156.06766488284
1997-01-01,Pennsylvania,356720.2,73449.69701125508
1997-01-01,Rhode Island,28922.8,63607.53403868153
1997-01-01,South Carolina,97423.1,43045.464371369904
1997-01-01,South Dakota,19036.2,42490.843675986944
1997-01-01,Tennessee,154366.8,54685.25879457771
1997-01-01,Texas,610141.2,79805.71147954439
1997-01-01,Utah,57686.4,68951.59431579272
1997-01-01,Vermont,15451.6,42977.730700602464
1997-01-01,Virginia,215126,57646.988984747324
1997-01-01,Washington,193770.2,89048.63455757183
1997-01-01,West Virginia,38808.2,35439.04460114943
1997-01-01,Wisconsin,153424.9,58239.22403815154
1997-01-01,Wyoming,14708.7,49920.99730528748
1998-01-01,Alabama,110181.3,44306.839636156736
1998-01-01,Alaska,24227.6,63878.95835728059
1998-01-01,Arizona,143286.2,106779.896537277
1998-01-01,Arkansas,62397.8,38834.547449431404
1998-01-01,California,1147944.3,131142.43248142718
1998-01-01,Colorado,150364.4,76885.22992469107
1998-01-01,Connecticut,145432.7,119133.53587781214
1998-01-01,District of Columbia,54780.2,259362.13393254025
1998-01-01,Delaware,37065.1,107544.92644279926
1998-01-01,Florida,429188.3,73407.05724643936
1998-01-01,Georgia,265321.7,64024.88593890789
1998-01-01,Hawaii,37621.7,79339.51374763304
1998-01-01,Idaho,31099,43732.918686210636
1998-01-01,Illinois,436648.6,108767.07703591893
1998-01-01,Indiana,184395,55826.056601177086
1998-01-01,Iowa,84676.6,50644.88694686283
1998-01-01,Kansas,78384.9,56928.00512558423
1998-01-01,Kentucky,109396.4,49321.89831871303
1998-01-01,Louisiana,120338.4,47737.78260225809
1998-01-01,Maine,32159.3,43473.65488223331
1998-01-01,Maryland,169965.4,75197.00908617413
1998-01-01,Massachusetts,249235.5,135710.71414012447
1998-01-01,Michigan,312667.6,79754.60957475181
1998-01-01,Minnesota,166873.8,74863.71193835359
1998-01-01,Mississippi,60962.4,35526.00547641837
1998-01-01,Missouri,169505.2,60735.35894847285
1998-01-01,Montana,20450,37455.03006761487
1998-01-01,Nebraska,51917.2,57500.35594286336
1998-01-01,Nevada,65105.4,101041.8659490451
1998-01-01,New Hampshire,40566.7,72392.59427136448
1998-01-01,New Jersey,319679.8,89820.69475296345
1998-01-01,New Mexico,50674.9,48623.51233243093
1998-01-01,New York,744716.1,110801.68112687764
1998-01-01,North Carolina,246928.6,55677.21847965693
1998-01-01,North Dakota,16826.2,42473.32851770784
1998-01-01,Ohio,361511.6,72400.5427914973
1998-01-01,Oklahoma,81208,45689.36915600213
1998-01-01,Oregon,105142.7,66548.58983315813
1998-01-01,Pennsylvania,373707.8,75638.86032680456
1998-01-01,Rhode Island,30821.2,67067.39942792626
1998-01-01,South Carolina,103467,44280.95318584501
1998-01-01,South Dakota,20216.8,44292.613684521726
1998-01-01,Tennessee,167439.9,57617.27538760549
1998-01-01,Texas,645289.5,81778.56838057408
1998-01-01,Utah,62288.5,70411.41610947352
1998-01-01,Vermont,16080.3,43775.727819452586
1998-01-01,Virginia,231505.4,60150.40928569026
1998-01-01,Washington,209710.4,94180.7906650767
1998-01-01,West Virginia,40053.8,36058.933990036436
1998-01-01,Wisconsin,162616.5,60167.591544193914
1998-01-01,Wyoming,14883.8,49569.24001906034
1999-01-01,Alabama,115833.1,45419.964272210666
1999-01-01,Alaska,24779.3,63763.993796050854
1999-01-01,Arizona,155282.6,112769.7973092085
1999-01-01,Arkansas,66791.2,40493.149280597274
1999-01-01,California,1247734.4,138258.37961076904
1999-01-01,Colorado,164132,81043.71960221934
1999-01-01,Connecticut,152353.9,121475.7453834379
1999-01-01,District of Columbia,58751.3,269710.66413601144
1999-01-01,Delaware,40427.3,113038.75001949564
1999-01-01,Florida,456797.9,75405.64520586505
1999-01-01,Georgia,289446.6,66995.98284707121
1999-01-01,Hawaii,39246.9,81930.84823393983
1999-01-01,Idaho,34252.3,47650.48191377115
1999-01-01,Illinois,460242.3,111959.8649888978
1999-01-01,Indiana,192765.5,57127.46450571551
1999-01-01,Iowa,87796,51559.92117585124
1999-01-01,Kansas,81669.8,58141.395395649924
1999-01-01,Kentucky,114994.2,50678.960448566686
1999-01-01,Louisiana,125894.7,48762.660091286954
1999-01-01,Maine,34379.1,45423.99712884914
1999-01-01,Maryland,180191.2,77366.25940931734
1999-01-01,Massachusetts,265143.2,137184.14467815135
1999-01-01,Michigan,337834.5,83726.94306319182
1999-01-01,Minnesota,175155.9,76867.67197387628
1999-01-01,Mississippi,63818.9,36276.06389755975
1999-01-01,Missouri,177747.5,62232.81422115562
1999-01-01,Montana,20821,37297.2353076661
1999-01-01,Nebraska,53704.7,58152.41655580125
1999-01-01,Nevada,71444.7,104925.40609080881
1999-01-01,New Hampshire,41873.3,72231.66959249784
1999-01-01,New Jersey,336470.9,91383.67854286382
1999-01-01,New Mexico,53082.3,49385.36710532582
1999-01-01,New York,792569,116021.87325750855
1999-01-01,North Carolina,264836.2,57856.23142812448
1999-01-01,North Dakota,17017.3,42466.16685787158
1999-01-01,Ohio,375814.4,73634.90020109272
1999-01-01,Oklahoma,84089.8,46186.14209337223
1999-01-01,Oregon,107564.3,66668.54276327416
1999-01-01,Pennsylvania,390499,77759.69901090482
1999-01-01,Rhode Island,32284,67372.52712450504
1999-01-01,South Carolina,110095.7,45800.423474032585
1999-01-01,South Dakota,21045.5,45089.18430903747
1999-01-01,Tennessee,176083.2,58748.9884383831
1999-01-01,Texas,680181.9,83361.02802667937
1999-01-01,Utah,66038.5,71569.47309029121
1999-01-01,Vermont,17161.8,45629.7383319066
1999-01-01,Virginia,249106.3,62575.716466997415
1999-01-01,Washington,230237.4,100516.7573393155
1999-01-01,West Virginia,41796.4,37088.71289130164
1999-01-01,Wisconsin,172328.7,62222.920781222376
1999-01-01,Wyoming,15715,51375.542825076445
2000-01-01,Alabama,120132.9,42205.697086839304
2000-01-01,Alaska,26815.8,66838.58724744561
2000-01-01,Arizona,164609.9,49830.18503260877
2000-01-01,Arkansas,68740.4,40142.49125259549
2000-01-01,California,1366166.5,62855.54679030691
2000-01-01,Colorado,180693.3,65297.614436184595
2000-01-01,Connecticut,165822.4,76018.3770267012
2000-01-01,District of Columbia,61033.2,166960.62700323854
2000-01-01,Delaware,43515.9,86546.18573140247
2000-01-01,Florida,488466.1,47608.7659503822
2000-01-01,Georgia,306019.9,58155.51148606102
2000-01-01,Hawaii,41519.9,53599.2562579202
2000-01-01,Idaho,38130.6,45891.24640383143
2000-01-01,Illinois,486766.2,61211.32763656369
2000-01-01,Indiana,203356.8,52212.36552975748
2000-01-01,Iowa,93189.8,49775.950092682084
2000-01-01,Kansas,85820.7,49846.63928630772
2000-01-01,Kentucky,114099.1,44075.20979898611
2000-01-01,Louisiana,132709.5,46445.45704963846
2000-01-01,Maine,36840.9,45114.60121797253
2000-01-01,Maryland,192019.8,56552.743862396404
2000-01-01,Massachusetts,289653.4,71197.5789039061
2000-01-01,Michigan,351641.3,55245.22134720239
2000-01-01,Minnesota,190894.1,60512.70952948966
2000-01-01,Mississippi,65600.1,36021.91430421443
2000-01-01,Missouri,186785.2,52111.536055898134
2000-01-01,Montana,21878.4,37882.310150736004
2000-01-01,Nebraska,56541.1,51614.17307374316
2000-01-01,Nevada,76654.2,59404.44305229295
2000-01-01,New Hampshire,45222.8,57020.25135122336
2000-01-01,New Jersey,361845.3,67127.0339455072
2000-01-01,New Mexico,55239.7,47449.92253836706
2000-01-01,New York,836201.5,68841.70136288111
2000-01-01,North Carolina,277994.1,53815.44360024178
2000-01-01,North Dakota,18013.5,43939.400996691445
2000-01-01,Ohio,391320.8,53858.86678450849
2000-01-01,Oklahoma,90893,41158.99991050214
2000-01-01,Oregon,117291.2,53469.737350260184
2000-01-01,Pennsylvania,408203.4,51967.662407022166
2000-01-01,Rhode Island,34520.9,51385.19861223504
2000-01-01,South Carolina,115176.6,44771.56078392831
2000-01-01,South Dakota,22669.2,46918.029277425725
2000-01-01,Tennessee,182089.1,49935.754380481565
2000-01-01,Texas,738804.4,55166.91306299458
2000-01-01,Utah,70383.8,49049.95732627308
2000-01-01,Vermont,18312.7,46961.41272274335
2000-01-01,Virginia,267618,58915.46730980566
2000-01-01,Washington,238137.1,63009.59375683665
2000-01-01,West Virginia,42577.4,36853.578120950144
2000-01-01,Wisconsin,180616.3,52563.986474265774
2000-01-01,Wyoming,17191.8,54435.33106390762
2001-01-01,Alabama,123035.3,41560.83144797959
2001-01-01,Alaska,28455.4,67752.6401495856
2001-01-01,Arizona,171480.5,48748.25467584712
2001-01-01,Arkansas,70680.3,39605.51825990364
2001-01-01,California,1387551.8,60672.671433182695
2001-01-01,Colorado,187546.2,63794.885807555824
2001-01-01,Connecticut,172834.5,76018.05601467504
2001-01-01,District of Columbia,65518.4,170917.24214315868
2001-01-01,Delaware,46555.9,88348.10189569848
2001-01-01,Florida,516558.8,47630.07203922064
2001-01-01,Georgia,317271.2,56822.650777879644
2001-01-01,Hawaii,42982.8,53201.106483326075
2001-01-01,Idaho,37493.8,42793.98630378061
2001-01-01,Illinois,501155.5,60418.844516365665
2001-01-01,Indiana,204705.6,50397.37992983797
2001-01-01,Iowa,94973.4,48887.94014133571
2001-01-01,Kansas,88594.7,49452.90769037444
2001-01-01,Kentucky,117335.8,43481.49340939362
2001-01-01,Louisiana,137847.7,46597.992045796804
2001-01-01,Maine,38499.2,45185.72010849857
2001-01-01,Maryland,205567.2,57670.62711220005
2001-01-01,Massachusetts,297918.4,70065.47805762621
2001-01-01,Michigan,348642.7,52540.96313575137
2001-01-01,Minnesota,195282.3,59097.659451660635
2001-01-01,Mississippi,67136.5,35480.625697056166
2001-01-01,Missouri,190570.8,50915.781929565666
2001-01-01,Montana,22793.3,37942.14501566639
2001-01-01,Nebraska,59598.4,52312.63245227887
2001-01-01,Nevada,80380.2,57869.381414469324
2001-01-01,New Hampshire,46625.8,55939.01499763087
2001-01-01,New Jersey,373600,66360.29824254262
2001-01-01,New Mexico,55970.3,46149.95403994403
2001-01-01,New York,873780.7,69024.25992262503
2001-01-01,North Carolina,288184.8,52973.23198573453
2001-01-01,North Dakota,18960.6,44936.026357224786
2001-01-01,Ohio,395710,52356.82073953889
2001-01-01,Oklahoma,96759.9,42112.21919839844
2001-01-01,Oregon,117295.4,50966.60285895621
2001-01-01,Pennsylvania,424772.9,52077.50483170326
2001-01-01,Rhode Island,35981.9,51281.35343371034
2001-01-01,South Carolina,119290,44276.2841590816
2001-01-01,South Dakota,23406.1,46502.78853773205
2001-01-01,Tennessee,185855,48694.227513449085
2001-01-01,Texas,772909.2,54633.82995763531
2001-01-01,Utah,73392,48301.23478072841
2001-01-01,Vermont,19271.8,47472.7386293287
2001-01-01,Virginia,284396.6,59634.659008539
2001-01-01,Washington,239763.4,60380.77444939096
2001-01-01,West Virginia,43982.8,36875.219943261356
2001-01-01,Wisconsin,187974,52406.03924659187
2001-01-01,Wyoming,18691.2,57172.6220945621
2002-01-01,Alabama,128117.4,42685.91624132758
2002-01-01,Alaska,29633.4,68706.58094894326
2002-01-01,Arizona,179475.6,49052.37457556437
2002-01-01,Arkansas,73986.5,40761.233321588574
2002-01-01,California,1439341.7,61496.99505097536
2002-01-01,Colorado,191062.2,63207.68913584318
2002-01-01,Connecticut,176191.6,76135.79766705834
2002-01-01,District of Columbia,70072.6,180156.5958710031
2002-01-01,Delaware,45828.2,84922.94903329678
2002-01-01,Florida,548397.8,48990.36605111861
2002-01-01,Georgia,326670.1,56697.13249920725
2002-01-01,Hawaii,45449.9,55147.93252799019
2002-01-01,Idaho,38820,43099.662676430235
2002-01-01,Illinois,513611.5,60943.22229544712
2002-01-01,Indiana,212438.6,51481.06414629855
2002-01-01,Iowa,99123.2,50423.83487485436
2002-01-01,Kansas,91049.7,50016.36828404499
2002-01-01,Kentucky,122215.8,44512.492831290016
2002-01-01,Louisiana,139566.7,46566.70949167258
2002-01-01,Maine,40185.5,46278.04257042902
2002-01-01,Maryland,218326.8,59804.54182180405
2002-01-01,Massachusetts,303990.3,70327.79197154862
2002-01-01,Michigan,362311,53779.92813537755
2002-01-01,Minnesota,202853.9,60244.67809243951
2002-01-01,Mississippi,69042.5,35989.48720806443
2002-01-01,Missouri,196764.8,51612.27536446229
2002-01-01,Montana,23868,39089.19351517726
2002-01-01,Nebraska,61622.3,53228.83742002564
2002-01-01,Nevada,84786,58323.269353760734
2002-01-01,New Hampshire,48691.9,57078.76270498229
2002-01-01,New Jersey,388278.1,67716.55922294786
2002-01-01,New Mexico,58033.8,46743.382509034316
2002-01-01,New York,884104.3,68751.88622048087
2002-01-01,North Carolina,297906.7,53376.813212964254
2002-01-01,North Dakota,20229.1,47573.90627119664
2002-01-01,Ohio,411148.4,53643.14943174038
2002-01-01,Oklahoma,99151,42397.87065879665
2002-01-01,Oregon,121200.6,51349.68303117332
2002-01-01,Pennsylvania,436474.1,52764.854684589285
2002-01-01,Rhode Island,38110.6,53271.36218833273
2002-01-01,South Carolina,124178,45088.248529230994
2002-01-01,South Dakota,26164.5,51158.236041130236
2002-01-01,Tennessee,195331.6,50155.21642718566
2002-01-01,Texas,787719.8,54064.880522303174
2002-01-01,Utah,76159.1,48612.9548933941
2002-01-01,Vermont,20161.5,48854.22255713174
2002-01-01,Virginia,293399.4,60025.49143055176
2002-01-01,Washington,248152.7,61057.46939416857
2002-01-01,West Virginia,45433.6,37624.07672130701
2002-01-01,Wisconsin,194844.9,53305.17790657243
2002-01-01,Wyoming,19149.7,57406.936027366086
2003-01-01,Alabama,133969.3,43262.09168366921
2003-01-01,Alaska,31789.7,70825.32245235705
2003-01-01,Arizona,192764.8,49995.16031813718
2003-01-01,Arkansas,78306.3,41712.659790820006
2003-01-01,California,1530559.8,62962.689280405444
2003-01-01,Colorado,196768.6,62728.812626231964
2003-01-01,Connecticut,181230.3,75787.64274336373
2003-01-01,District of Columbia,74178.3,186175.42473726507
2003-01-01,Delaware,47731.3,84937.99541931166
2003-01-01,Florida,583447.2,49824.086464619504
2003-01-01,Georgia,340627,56546.927208999026
2003-01-01,Hawaii,48922.8,57245.49078315523
2003-01-01,Idaho,40417.7,42966.32889891769
2003-01-01,Illinois,530142.9,61023.58631437107
2003-01-01,Indiana,223500.2,52428.7454202807
2003-01-01,Iowa,105020.4,51927.46185447514
2003-01-01,Kansas,94630.2,50414.39313529932
2003-01-01,Kentucky,127174.2,44776.72016817227
2003-01-01,Louisiana,154449.3,50052.43654772629
2003-01-01,Maine,41842.2,46563.09358414349
2003-01-01,Maryland,228734.3,60344.03610336276
2003-01-01,Massachusetts,315958.1,71017.48634805378
2003-01-01,Michigan,372965.9,53728.26093389505
2003-01-01,Minnesota,214847.2,61720.289065952755
2003-01-01,Mississippi,73587.2,37211.538019409774
2003-01-01,Missouri,205194.2,52067.43696354534
2003-01-01,Montana,25647.4,40569.359699949615
2003-01-01,Nebraska,66402.1,55541.62757883592
2003-01-01,Nevada,90367.5,58581.692092136036
2003-01-01,New Hampshire,51378.2,58121.96509226468
2003-01-01,New Jersey,404967.3,68416.71741623754
2003-01-01,New Mexico,62865.4,48758.398308096796
2003-01-01,New York,902544.3,68056.57762480562
2003-01-01,North Carolina,309351.3,53300.17965865665
2003-01-01,North Dakota,22072.5,50580.67318309289
2003-01-01,Ohio,424426.6,53775.65316460973
2003-01-01,Oklahoma,105130,43573.98704267663
2003-01-01,Oregon,127153.5,51937.81471608212
2003-01-01,Pennsylvania,454517,53336.485547148
2003-01-01,Rhode Island,40249.7,54472.15762793797
2003-01-01,South Carolina,130313.7,45573.969377936446
2003-01-01,South Dakota,27196.8,51421.21407456721
2003-01-01,Tennessee,203328.4,50345.886332479015
2003-01-01,Texas,829722.9,54547.71831296686
2003-01-01,Utah,79138,48219.77215128922
2003-01-01,Vermont,21124,49682.93503914041
2003-01-01,Virginia,310132.7,60991.34013591529
2003-01-01,Washington,257830.2,61159.86291345629
2003-01-01,West Virginia,46747.5,37614.21257310129
2003-01-01,Wisconsin,203048.5,53762.43713658722
2003-01-01,Wyoming,21057.8,61172.14603357182
2004-01-01,Alabama,146886.7,46268.85373064266
2004-01-01,Alaska,34987.9,75168.58499660974
2004-01-01,Arizona,205390.5,50686.79955715241
2004-01-01,Arkansas,84557,43764.02084255406
2004-01-01,California,1632428.7,65250.73733700716
2004-01-01,Colorado,204374.6,63152.835085816834
2004-01-01,Connecticut,198282.4,81109.50422880826
2004-01-01,District of Columbia,80557.4,197480.34221872478
2004-01-01,Delaware,51337.7,88270.21042572851
2004-01-01,Florida,636087.5,52033.04230578901
2004-01-01,Georgia,364229,58077.95589302686
2004-01-01,Hawaii,53761.1,60993.8835845675
2004-01-01,Idaho,43865.9,44799.11607445334
2004-01-01,Illinois,561037,63060.32190425678
2004-01-01,Indiana,236921.3,54186.95844553498
2004-01-01,Iowa,116834.4,56456.830218351955
2004-01-01,Kansas,98013.9,51014.89386635368
2004-01-01,Kentucky,134190.8,45981.25074551111
2004-01-01,Louisiana,169836.2,53770.3259281828
2004-01-01,Maine,44525.7,48374.07366923676
2004-01-01,Maryland,246682,63257.63421076892
2004-01-01,Massachusetts,330936.7,72910.94928975805
2004-01-01,Michigan,381443.4,53735.649060461685
2004-01-01,Minnesota,230245.2,64428.289826859305
2004-01-01,Mississippi,77297.6,38068.20727110966
2004-01-01,Missouri,215413.2,53169.2837199174
2004-01-01,Montana,27894.9,42821.36111262987
2004-01-01,Nebraska,70320.2,57369.32254409435
2004-01-01,Nevada,103445.9,63138.29135593394
2004-01-01,New Hampshire,54125.9,59508.47958830661
2004-01-01,New Jersey,422633.4,69755.28892205567
2004-01-01,New Mexico,69696.5,52362.784857467035
2004-01-01,New York,952281.8,70137.18561964142
2004-01-01,North Carolina,327275.9,54524.704721019334
2004-01-01,North Dakota,23151.9,51714.974185257044
2004-01-01,Ohio,445410.3,55219.85466452992
2004-01-01,Oklahoma,112872.2,45648.171892391816
2004-01-01,Oregon,136304.4,54213.7097625418
2004-01-01,Pennsylvania,480811.1,55163.781886855286
2004-01-01,Rhode Island,43218.3,57332.91297742863
2004-01-01,South Carolina,135143.4,45719.7841884475
2004-01-01,South Dakota,29030.5,53290.33334847867
2004-01-01,Tennessee,217939.2,52353.40070108776
2004-01-01,Texas,907476.2,57534.168944593264
2004-01-01,Utah,85783.4,49991.96824198713
2004-01-01,Vermont,22657.8,52097.99663840213
2004-01-01,Virginia,332668.5,63306.43626043684
2004-01-01,Washington,269983,62049.78591323545
2004-01-01,West Virginia,49280.5,38841.88394520002
2004-01-01,Wisconsin,215016.8,55450.47737851266
2004-01-01,Wyoming,23220.1,65614.54277205069
2005-01-01,Alabama,156403.3,47557.42566077215
2005-01-01,Alaska,39788.7,82134.94072755291
2005-01-01,Arizona,228232.6,52791.35744149531
2005-01-01,Arkansas,89643.1,44624.54767057792
2005-01-01,California,1752648.9,67667.55105352163
2005-01-01,Colorado,220307.4,65325.30960348631
2005-01-01,Connecticut,208660.9,82926.89861663197
2005-01-01,District of Columbia,85349.2,202652.00390208844
2005-01-01,Delaware,52028.2,85608.93859869108
2005-01-01,Florida,697260.1,54185.063039167275
2005-01-01,Georgia,386999.9,58789.96761485051
2005-01-01,Hawaii,58658.7,64027.94881782809
2005-01-01,Idaho,47958.1,46483.14124776776
2005-01-01,Illinois,589149.4,64240.25319646735
2005-01-01,Indiana,243862.2,53896.27120237611
2005-01-01,Iowa,122256.2,57284.99108127835
2005-01-01,Kansas,103966.3,52404.96136216101
2005-01-01,Kentucky,142708,47156.85789603563
2005-01-01,Louisiana,197783.5,60773.10670993986
2005-01-01,Maine,45869.8,48331.04320280619
2005-01-01,Maryland,266065.2,65867.13634141655
2005-01-01,Massachusetts,346084.7,74119.01581096402
2005-01-01,Michigan,394141.2,53981.85681260825
2005-01-01,Minnesota,243069.9,65783.00956763118
2005-01-01,Mississippi,81224.5,38706.390389010456
2005-01-01,Missouri,225089,53572.31827479245
2005-01-01,Montana,30528,45132.582012101804
2005-01-01,Nebraska,74120,58476.51328360995
2005-01-01,Nevada,117056.1,67158.90121901261
2005-01-01,New Hampshire,56346.8,59836.260496514165
2005-01-01,New Jersey,440493.8,70607.52480599328
2005-01-01,New Mexico,73662.3,53117.64787642242
2005-01-01,New York,1012180.8,72363.10910890906
2005-01-01,North Carolina,351337.3,56007.16738077216
2005-01-01,North Dakota,24461.1,53206.37743905591
2005-01-01,Ohio,465892.9,56109.25176823023
2005-01-01,Oklahoma,124370.4,48653.35412722445
2005-01-01,Oregon,143592,54851.48660313191
2005-01-01,Pennsylvania,504870.6,56186.734271138455
2005-01-01,Rhode Island,45133.1,58568.086812313246
2005-01-01,South Carolina,142615.1,46307.84604005329
2005-01-01,South Dakota,30535,54096.29842844718
2005-01-01,Tennessee,228126.3,52582.711906663884
2005-01-01,Texas,986202.7,59773.09789492711
2005-01-01,Utah,94303,52138.623302633816
2005-01-01,Vermont,23500.9,52485.019054025455
2005-01-01,Virginia,360842.3,65930.05006010496
2005-01-01,Washington,295858.7,65302.840994203165
2005-01-01,West Virginia,53292.7,40828.31392861577
2005-01-01,Wisconsin,225590.7,56261.24219415039
2005-01-01,Wyoming,27219.2,74306.7349463989
2006-01-01,Alabama,164347.8,47492.343423057035
2006-01-01,Alaska,44457.1,87205.36923931653
2006-01-01,Arizona,248154.2,53245.49513241599
2006-01-01,Arkansas,94451.6,44577.44333089042
2006-01-01,California,1874851.3,69233.20399016398
2006-01-01,Colorado,231256.3,64642.91607966437
2006-01-01,Connecticut,222914.3,84979.49788512819
2006-01-01,District of Columbia,88580.5,201530.52779980097
2006-01-01,Delaware,54956.7,85597.21130385021
2006-01-01,Florida,744660.6,54695.916386047385
2006-01-01,Georgia,402501.1,57316.627153651876
2006-01-01,Hawaii,62349.9,64941.27224171225
2006-01-01,Idaho,50985.5,46257.51607305988
2006-01-01,Illinois,623471.2,65132.29810866688
2006-01-01,Indiana,255462.9,53860.367833826494
2006-01-01,Iowa,127052.6,56943.90840903715
2006-01-01,Kansas,112634,54304.61920637753
2006-01-01,Kentucky,151185.8,47606.05360032397
2006-01-01,Louisiana,205888,64510.57114892288
2006-01-01,Maine,47929.5,48427.111620190815
2006-01-01,Maryland,279423.6,66149.9400726142
2006-01-01,Massachusetts,361657.3,74307.72041532712
2006-01-01,Michigan,395685.3,52141.5044073117
2006-01-01,Minnesota,250156.6,64557.014892136525
2006-01-01,Mississippi,86064.5,39468.649824287495
2006-01-01,Missouri,232906.3,52791.78340169857
2006-01-01,Montana,32967,46289.438878629335
2006-01-01,Nebraska,78283.1,59080.91630000717
2006-01-01,Nevada,127008.3,67676.59162522516
2006-01-01,New Hampshire,59395.5,60152.543819948456
2006-01-01,New Jersey,464317.7,71535.1913683953
2006-01-01,New Mexico,77396.5,52934.0776378568
2006-01-01,New York,1068634.7,73350.01477946596
2006-01-01,North Carolina,382799,57358.05471998902
2006-01-01,North Dakota,26209,54684.76822265884
2006-01-01,Ohio,477200.7,55167.83614517188
2006-01-01,Oklahoma,136949.6,50905.515198682486
2006-01-01,Oregon,155166.1,56058.058214771285
2006-01-01,Pennsylvania,525666.1,56001.92395348718
2006-01-01,Rhode Island,47684.8,59757.58053178201
2006-01-01,South Carolina,150661.4,46128.74248658892
2006-01-01,South Dakota,31824.1,53622.019877417064
2006-01-01,Tennessee,240111.1,52388.1612801761
2006-01-01,Texas,1084171.8,61639.16310642279
2006-01-01,Utah,106028.3,54522.389400186374
2006-01-01,Vermont,24304.7,52084.47415660855
2006-01-01,Virginia,378981.2,65845.4856044942
2006-01-01,Washington,317313.8,66160.0511699437
2006-01-01,West Virginia,56578,41594.095366822155
2006-01-01,Wisconsin,235848,56239.989843843505
2006-01-01,Wyoming,32455.9,84083.37193283871
2007-01-01,Alabama,170263.9,47783.436385812245
2007-01-01,Alaska,49002.6,93480.75666248925
2007-01-01,Arizona,262245.3,53650.54704262203
2007-01-01,Arkansas,96991.9,44417.92902301885
2007-01-01,California,1955320.9,70254.27464385841
2007-01-01,Colorado,246151,66165.27876573426
2007-01-01,Connecticut,237397.6,88572.23357487196
2007-01-01,District of Columbia,94036.8,208724.6647059528
2007-01-01,Delaware,56281.3,84698.70864240665
2007-01-01,Florida,768568.1,54730.93911244755
2007-01-01,Georgia,414779.6,56627.79942511413
2007-01-01,Hawaii,65223.8,66488.86147190096
2007-01-01,Idaho,53864.9,46763.80123809507
2007-01-01,Illinois,648243.6,66024.29206543167
2007-01-01,Indiana,269071.3,55186.91702492695
2007-01-01,Iowa,137179.9,59942.86597445902
2007-01-01,Kansas,122349.1,57374.9933149142
2007-01-01,Kentucky,154542.4,47260.05506532988
2007-01-01,Louisiana,206602.3,61450.05672990317
2007-01-01,Maine,49163.3,48576.95123329038
2007-01-01,Maryland,287759.7,66476.94187741737
2007-01-01,Massachusetts,380288.4,76159.61185590543
2007-01-01,Michigan,403717.4,52281.90009632002
2007-01-01,Minnesota,259296.2,65013.634633884554
2007-01-01,Mississippi,91219.5,40637.33369781538
2007-01-01,Missouri,240391.9,52944.620515542294
2007-01-01,Montana,36090.7,49074.71996557206
2007-01-01,Nebraska,83299.6,61258.7032636231
2007-01-01,Nevada,131492.6,66653.78154270921
2007-01-01,New Hampshire,60711.2,59985.530801187095
2007-01-01,New Jersey,480445,72411.14905347096
2007-01-01,New Mexico,80543.4,53250.06423365706
2007-01-01,New York,1109748.6,74368.63992850725
2007-01-01,North Carolina,396632.2,56956.21011986769
2007-01-01,North Dakota,28781.7,58699.55899049725
2007-01-01,Ohio,490823.7,55452.21256099779
2007-01-01,Oklahoma,144799.5,52176.328325819835
2007-01-01,Oregon,161431.6,56287.520880100026
2007-01-01,Pennsylvania,559142.6,58117.51324636891
2007-01-01,Rhode Island,47759.9,58922.857690099896
2007-01-01,South Carolina,159101.4,46807.20035146177
2007-01-01,South Dakota,34816,56856.227208999815
2007-01-01,Tennessee,244194.2,51490.28950823981
2007-01-01,Texas,1178221.1,64333.76748231362
2007-01-01,Utah,114657.1,56024.31404313994
2007-01-01,Vermont,24689.3,51793.05702308142
2007-01-01,Virginia,392929,66250.24065852065
2007-01-01,Washington,346491.1,69759.2049735664
2007-01-01,West Virginia,58628.8,42132.92715412394
2007-01-01,Wisconsin,243841.3,56659.66170451791
2007-01-01,Wyoming,36613.5,91048.43156506738
2008-01-01,Alabama,172677.2,46072.19251612347
2008-01-01,Alaska,54759,99312.17841384567
2008-01-01,Arizona,259262.6,49783.16215016448
2008-01-01,Arkansas,99014.4,43089.284985362174
2008-01-01,California,1990187.9,67898.52058753102
2008-01-01,Colorado,255830.2,64693.440045039075
2008-01-01,Connecticut,240576.2,85710.74895340775
2008-01-01,District of Columbia,99532.3,210509.59556893233
2008-01-01,Delaware,54777.6,78020.48314584346
2008-01-01,Florida,750972.8,50869.50295742465
2008-01-01,Georgia,411851.7,53000.53749632276
2008-01-01,Hawaii,66857.7,64807.450908869134
2008-01-01,Idaho,55584.4,45413.43299451305
2008-01-01,Illinois,648732,63039.78595989985
2008-01-01,Indiana,273140.1,53359.762203785634
2008-01-01,Iowa,137116.2,57154.86385575278
2008-01-01,Kansas,127824.5,57026.635480550125
2008-01-01,Kentucky,158209.2,46046.67571843228
2008-01-01,Louisiana,215289,60357.12302051805
2008-01-01,Maine,49978.5,47263.43681645551
2008-01-01,Maryland,296325.5,65353.694776310265
2008-01-01,Massachusetts,388099.9,74018.70029668561
2008-01-01,Michigan,385990.3,48159.58931401588
2008-01-01,Minnesota,264866.4,63196.413974149575
2008-01-01,Mississippi,96921.1,41139.027854585984
2008-01-01,Missouri,251691.6,52735.606121862205
2008-01-01,Montana,36814.5,47461.578999049016
2008-01-01,Nebraska,85661.3,59993.43473513077
2008-01-01,Nevada,129095.5,61592.17680931987
2008-01-01,New Hampshire,60865.3,57463.84732902737
2008-01-01,New Jersey,494855.4,71286.02249244254
2008-01-01,New Mexico,83691.3,52571.28426698406
2008-01-01,New York,1101636.8,70621.37036696586
2008-01-01,North Carolina,413064.9,55747.510448441164
2008-01-01,North Dakota,31852.1,61973.95779273484
2008-01-01,Ohio,491609.1,53220.33073827165
2008-01-01,Oklahoma,159761.3,54714.7695057249
2008-01-01,Oregon,165050.8,54449.846737340275
2008-01-01,Pennsylvania,581527.3,57753.01612986556
2008-01-01,Rhode Island,47078.4,55770.00278438653
2008-01-01,South Carolina,161797.9,44839.242349819004
2008-01-01,South Dakota,36475.6,56581.36987606466
2008-01-01,Tennessee,251549.8,50306.254894104946
2008-01-01,Texas,1236361.8,63485.85540572782
2008-01-01,Utah,115885,53027.579215661506
2008-01-01,Vermont,25667.8,51579.49857702682
2008-01-01,Virginia,400305.5,64086.440612323626
2008-01-01,Washington,355596.6,67587.47611441906
2008-01-01,West Virginia,61994.1,42630.30657674199
2008-01-01,Wisconsin,244634.3,54250.99307621947
2008-01-01,Wyoming,42550.2,99633.23104825168
2009-01-01,Alabama,169128.5,44876.9106154942
2009-01-01,Alaska,49651.6,88816.06737379587
2009-01-01,Arizona,243764.6,46175.59721967158
2009-01-01,Arkansas,96983.7,41936.43218009026
2009-01-01,California,1919271.1,64877.29339233102
2009-01-01,Colorado,248669.1,61832.307024745496
2009-01-01,Connecticut,236921.6,84135.8688762174
2009-01-01,District of Columbia,100916.9,210265.92969572477
2009-01-01,Delaware,57267.3,80837.24176256784
2009-01-01,Florida,725658.1,48907.7642370706
2009-01-01,Georgia,406066.3,51616.22092008136
2009-01-01,Hawaii,65711.3,63389.673450808135
2009-01-01,Idaho,53763.9,43455.5343874485
2009-01-01,Illinois,645146.7,62434.752363694795
2009-01-01,Indiana,261500.2,50866.795292211464
2009-01-01,Iowa,136819.9,56832.94251861139
2009-01-01,Kansas,124779.5,55308.90472523838
2009-01-01,Kentucky,156038.5,45190.605935086904
2009-01-01,Louisiana,207119.8,57607.95211940389
2009-01-01,Maine,50567.9,47925.67642058924
2009-01-01,Maryland,302388.8,66288.55226289389
2009-01-01,Massachusetts,391272.9,74142.28091223507
2009-01-01,Michigan,365552.7,45811.51391605089
2009-01-01,Minnesota,260513.1,61807.18693912589
2009-01-01,Mississippi,93502.9,39574.66345753101
2009-01-01,Missouri,251402.6,52459.76611358144
2009-01-01,Montana,36031.8,46173.644671734786
2009-01-01,Nebraska,87107.4,60576.89056053765
2009-01-01,Nevada,120987.7,57192.35832194248
2009-01-01,New Hampshire,61908.9,58396.1812452438
2009-01-01,New Jersey,486209.5,69763.12898566927
2009-01-01,New Mexico,81990.3,50973.613790651674
2009-01-01,New York,1150993.9,73590.89482861945
2009-01-01,North Carolina,406832.9,54185.14189372214
2009-01-01,North Dakota,32239.7,62272.93744259105
2009-01-01,Ohio,478023.5,51743.025936680584
2009-01-01,Oklahoma,145858.2,49426.48619177345
2009-01-01,Oregon,160574.9,52442.036071510694
2009-01-01,Pennsylvania,576963.5,57190.17581888144
2009-01-01,Rhode Island,47906.6,56831.44545339355
2009-01-01,South Carolina,159911.4,43803.037254061834
2009-01-01,South Dakota,36341.5,55892.03680811061
2009-01-01,Tennessee,250379.4,49684.88269851798
2009-01-01,Texas,1162971.8,58632.10051080409
2009-01-01,Utah,113517.8,50934.66196188168
2009-01-01,Vermont,25870.7,51986.82747362289
2009-01-01,Virginia,409441.9,64897.99207622349
2009-01-01,Washington,353705.5,66313.51227856142
2009-01-01,West Virginia,63032.5,43276.71376295545
2009-01-01,Wisconsin,245518.6,54247.16677212206
2009-01-01,Wyoming,36085.6,82837.58861845711
2010-01-01,Alabama,175470.1,44642.93313293802
2010-01-01,Alaska,52947.7,90297.31456842009
2010-01-01,Arizona,248125.3,47149.36704239144
2010-01-01,Arkansas,100970.8,42071.90108861075
2010-01-01,California,1973511.9,64383.5782977827
2010-01-01,Colorado,255660.7,61669.70046102151
2010-01-01,Connecticut,238051.6,80977.94917644012
2010-01-01,District of Columbia,106097.8,213432.23019621268
2010-01-01,Delaware,57986.7,78479.01201266478
2010-01-01,Florida,738242.3,47693.765194404295
2010-01-01,Georgia,414664,51983.34009494396
2010-01-01,Hawaii,68260.2,60930.699986693275
2010-01-01,Idaho,55215.3,42798.118233845074
2010-01-01,Illinois,661714.8,62742.23890195535
2010-01-01,Indiana,280497,52616.967793368574
2010-01-01,Iowa,142016.7,56676.72005082873
2010-01-01,Kansas,127970.4,54511.688245666475
2010-01-01,Kentucky,164820.3,46150.274311800815
2010-01-01,Louisiana,226161.8,60590.04661847847
2010-01-01,Maine,51724.3,47433.928223436815
2010-01-01,Maryland,316316.9,66529.87076400653
2010-01-01,Massachusetts,410187.5,76055.81740879486
2010-01-01,Michigan,386629.8,47656.160224656254
2010-01-01,Minnesota,272636,62501.74828717811
2010-01-01,Mississippi,95265.4,39045.395063593714
2010-01-01,Missouri,257897.4,52367.08784741401
2010-01-01,Montana,38103.2,46826.51130228289
2010-01-01,Nebraska,91785.5,61080.54376712472
2010-01-01,Nevada,123652.3,55708.69224814873
2010-01-01,New Hampshire,64170.7,59333.599028080076
2010-01-01,New Jersey,494977.8,68485.9668102253
2010-01-01,New Mexico,84037.9,49558.77534562303
2010-01-01,New York,1212485.1,76093.68425844438
2010-01-01,North Carolina,415710,52863.21805996006
2010-01-01,North Dakota,35689.4,64400.62496553178
2010-01-01,Ohio,496457.7,52380.8609272239
2010-01-01,Oklahoma,153215.1,49612.53208492155
2010-01-01,Oregon,163827,51976.77256990007
2010-01-01,Pennsylvania,599025.1,57376.10140104272
2010-01-01,Rhode Island,49472.4,57149.24049391893
2010-01-01,South Carolina,163844,43031.96694839129
2010-01-01,South Dakota,37709.2,56252.2658428183
2010-01-01,Tennessee,255696.1,48984.47938639044
2010-01-01,Texas,1237304,59679.387046770134
2010-01-01,Utah,118098.3,51808.366978971324
2010-01-01,Vermont,27113.3,52742.802195617696
2010-01-01,Virginia,423563.9,64271.06710852991
2010-01-01,Washington,365799.7,66049.9259473361
2010-01-01,West Virginia,65304.7,42879.52125619331
2010-01-01,Wisconsin,254615.2,54476.22530008416
2010-01-01,Wyoming,37442.6,80757.57216155832
2011-01-01,Alabama,181929.9,45383.08226967692
2011-01-01,Alaska,56333.9,93390.46450703121
2011-01-01,Arizona,257881.1,47696.3078436723
2011-01-01,Arkansas,105107.8,42789.38059598266
2011-01-01,California,2049336.8,65182.264592052205
2011-01-01,Colorado,264310.2,61786.96887338711
2011-01-01,Connecticut,236816.3,79008.13414917528
2011-01-01,District of Columbia,109998.8,212462.9842360715
2011-01-01,Delaware,60821.8,80244.7243247505
2011-01-01,Florida,746535.3,46906.008764657636
2011-01-01,Georgia,427826.9,52249.38651694481
2011-01-01,Hawaii,70630.1,61301.18300095649
2011-01-01,Idaho,56516.4,42716.03082837528
2011-01-01,Illinois,687951,64004.68782334347
2011-01-01,Indiana,288942.9,53081.43602444677
2011-01-01,Iowa,148102.2,57821.40891752938
2011-01-01,Kansas,135528.5,56547.4372331354
2011-01-01,Kentucky,170004.7,46574.069029065584
2011-01-01,Louisiana,229215.1,59970.78060388
2011-01-01,Maine,51867.1,46746.37372168119
2011-01-01,Maryland,327726.7,67187.59382910561
2011-01-01,Massachusetts,426013.2,77113.98549157669
2011-01-01,Michigan,401069.1,48585.10542678633
2011-01-01,Minnesota,285408.1,63910.56029871265
2011-01-01,Mississippi,96408.1,38746.20219702035
2011-01-01,Missouri,259645,51716.90444522453
2011-01-01,Montana,40616.4,48754.59382972369
2011-01-01,Nebraska,99954.2,65008.70927902907
2011-01-01,Nevada,126675.6,55902.76661044958
2011-01-01,New Hampshire,65449.6,59349.014539607466
2011-01-01,New Jersey,498959.3,67661.8617206319
2011-01-01,New Mexico,86683.3,49879.8404251857
2011-01-01,New York,1237277.6,75961.9920415169
2011-01-01,North Carolina,426569.3,52877.10187666962
2011-01-01,North Dakota,41437.5,72394.77921755258
2011-01-01,Ohio,523355,54270.27465310875
2011-01-01,Oklahoma,165091.4,52169.65102903603
2011-01-01,Oregon,170620.6,52752.00611555849
2011-01-01,Pennsylvania,618555.4,58097.56009343422
2011-01-01,Rhode Island,50169.8,57002.4224214723
2011-01-01,South Carolina,170077.9,43580.53027081716
2011-01-01,South Dakota,41690.2,60600.41748562811
2011-01-01,Tennessee,267487.6,50040.160760482104
2011-01-01,Texas,1331138.4,62137.92669277125
2011-01-01,Utah,124689.9,53038.93869589307
2011-01-01,Vermont,28134.6,53713.835797548076
2011-01-01,Virginia,433009.6,63987.84514046124
2011-01-01,Washington,379796.4,66602.65954195349
2011-01-01,West Virginia,68446.8,44141.9639873368
2011-01-01,Wisconsin,264166.4,55430.2589254858
2011-01-01,Wyoming,39415.2,83176.11249654421
2012-01-01,Alabama,186553.9,45022.30490797386
2012-01-01,Alaska,57717.5,91831.96892750167
2012-01-01,Arizona,268068.2,47527.69753729373
2012-01-01,Arkansas,107718.8,42405.65175788496
2012-01-01,California,2144089.6,65662.52795167733
2012-01-01,Colorado,273593.9,61233.675174783726
2012-01-01,Connecticut,244114.4,78926.33707469751
2012-01-01,District of Columbia,112610,206123.70049191243
2012-01-01,Delaware,61866.7,78564.00613170085
2012-01-01,Florida,768722.9,46295.01597909634
2012-01-01,Georgia,443566.1,52063.47376891856
2012-01-01,Hawaii,73676.7,61388.878170264725
2012-01-01,Idaho,57780.1,42092.24661143143
2012-01-01,Illinois,720881.5,65033.34729470199
2012-01-01,Indiana,297816.1,52941.43400404598
2012-01-01,Iowa,157838.6,59631.09439497778
2012-01-01,Kansas,140764.1,56699.616359648564
2012-01-01,Kentucky,176323.1,46717.440613004575
2012-01-01,Louisiana,233481.2,58975.963159673316
2012-01-01,Maine,52866.6,46274.81117370021
2012-01-01,Maryland,334555.5,66046.1405070241
2012-01-01,Massachusetts,444478.2,77527.01128007681
2012-01-01,Michigan,418742.3,49171.06523869263
2012-01-01,Minnesota,296272.5,64040.226155971024
2012-01-01,Mississippi,99616.3,38799.94270567557
2012-01-01,Missouri,268861.9,51866.931839642035
2012-01-01,Montana,42041.6,48675.68987372238
2012-01-01,Nebraska,102605.3,64342.22596772054
2012-01-01,Nevada,127789.1,54123.14856291144
2012-01-01,New Hampshire,67635.7,59358.7335644741
2012-01-01,New Jersey,519569,68268.59382237165
2012-01-01,New Mexico,87644.8,48799.13506291743
2012-01-01,New York,1323400.8,78579.31187822178
2012-01-01,North Carolina,439539.7,52394.96429054404
2012-01-01,North Dakota,51624.6,85566.22512767697
2012-01-01,Ohio,540882.4,54429.466809937265
2012-01-01,Oklahoma,173238.8,52721.69647815555
2012-01-01,Oregon,174427.6,51991.76661670108
2012-01-01,Pennsylvania,640663.1,58318.93094866443
2012-01-01,Rhode Island,51607.4,56870.66159833251
2012-01-01,South Carolina,175328.5,43194.33232043571
2012-01-01,South Dakota,43550.7,60719.45484109712
2012-01-01,Tennessee,283482,51047.69144452763
2012-01-01,Texas,1410447.8,62841.64333937085
2012-01-01,Utah,128764.2,52445.59271163244
2012-01-01,Vermont,28893.6,53633.68101885159
2012-01-01,Virginia,445120.7,63201.528057435644
2012-01-01,Washington,400623.3,67506.41448846208
2012-01-01,West Virginia,69335.6,43395.732795319615
2012-01-01,Wisconsin,274540.5,55780.980558747906
2012-01-01,Wyoming,38437.7,77513.56673922954
2013-01-01,Alabama,192166.5,45471.89950205646
2013-01-01,Alaska,56625.3,87805.7161456853
2013-01-01,Arizona,275007.5,47388.157493085106
2013-01-01,Arkansas,112764.6,43550.078713014984
2013-01-01,California,2261510.6,67556.09827364843
2013-01-01,Colorado,288383.5,62554.586121608874
2013-01-01,Connecticut,244127.5,77616.99907764445
2013-01-01,District of Columbia,115021.1,202067.26858336
2013-01-01,Delaware,61007.5,75497.12607721359
2013-01-01,Florida,800886,46831.82246486236
2013-01-01,Georgia,459578.7,52671.60980583017
2013-01-01,Hawaii,75807.8,61525.637473561605
2013-01-01,Idaho,61155.2,43381.25885313789
2013-01-01,Illinois,734808.5,65128.085278243525
2013-01-01,Indiana,308725.4,53717.01915353239
2013-01-01,Iowa,161583,59708.47765221191
2013-01-01,Kansas,143065.8,56516.51839663497
2013-01-01,Kentucky,182470.7,47347.895053985856
2013-01-01,Louisiana,228688.3,56519.25865998862
2013-01-01,Maine,53670.7,46190.86246625592
2013-01-01,Maryland,340706.2,65742.21760594638
2013-01-01,Massachusetts,455653.3,77574.2033884397
2013-01-01,Michigan,433755.8,50010.036467387545
2013-01-01,Minnesota,308784.5,65192.68463566658
2013-01-01,Mississippi,101474.2,38805.344577483294
2013-01-01,Missouri,277394.2,52484.23362451887
2013-01-01,Montana,43136.8,48642.337389693304
2013-01-01,Nebraska,106516.8,65267.0735256793
2013-01-01,Nevada,130686.6,53806.67072307687
2013-01-01,New Hampshire,69495.5,59872.76554265947
2013-01-01,New Jersey,537346.4,69340.80863122812
2013-01-01,New Mexico,88533,48362.268092601305
2013-01-01,New York,1361962.9,79320.90855107007
2013-01-01,North Carolina,455266.8,52861.98912386899
2013-01-01,North Dakota,53733.4,85056.06758744644
2013-01-01,Ohio,560936.8,55379.57057901465
2013-01-01,Oklahoma,181858.2,53942.31598269492
2013-01-01,Oregon,179389.5,52270.594575051546
2013-01-01,Pennsylvania,663334.5,59339.92714029624
2013-01-01,Rhode Island,52797.5,57193.593802439376
2013-01-01,South Carolina,182837,43863.66046123496
2013-01-01,South Dakota,44956.5,61001.044659516294
2013-01-01,Tennessee,293265.3,51611.38189546695
2013-01-01,Texas,1500554.3,64766.31717958949
2013-01-01,Utah,134529.5,53063.138079054625
2013-01-01,Vermont,28966,52867.44933718162
2013-01-01,Virginia,455166.9,63038.92682911531
2013-01-01,Washington,419671.3,68876.53222130473
2013-01-01,West Virginia,70998.6,43770.35117848793
2013-01-01,Wisconsin,281832.6,56149.362538500674
2013-01-01,Wyoming,38943,76460.16341922776
2014-01-01,Alabama,195037.7,45333.42505276639
2014-01-01,Alaska,55750.6,85214.10645607264
2014-01-01,Arizona,284851.4,47630.30531605244
2014-01-01,Arkansas,116151.8,44051.200128126016
2014-01-01,California,2399077.7,69951.62389839851
2014-01-01,Colorado,305690.9,64302.410214282674
2014-01-01,Connecticut,248778.9,77889.49308856572
2014-01-01,District of Columbia,119722.8,203427.87939237518
2014-01-01,Delaware,67549.8,81524.47363529788
2014-01-01,Florida,840386.4,47655.682981553255
2014-01-01,Georgia,485282.5,54248.694423607885
2014-01-01,Hawaii,77819.3,61912.6542508438
2014-01-01,Idaho,63799.4,44018.93525582646
2014-01-01,Illinois,766120.8,66917.02756309493
2014-01-01,Indiana,325008.3,55472.23685291455
2014-01-01,Iowa,172121.9,62297.87640083189
2014-01-01,Kansas,148942.7,57790.54867073774
2014-01-01,Kentucky,186419,47525.88690356936
2014-01-01,Louisiana,237717.1,57606.79566372483
2014-01-01,Maine,55826.7,47220.388561808126
2014-01-01,Maryland,353248.7,66732.75619522182
2014-01-01,Massachusetts,473052,78723.09527106436
2014-01-01,Michigan,448572.1,50838.92741494024
2014-01-01,Minnesota,322690.2,66620.82737872085
2014-01-01,Mississippi,103519.8,38957.49168203375
2014-01-01,Missouri,284237.2,52818.64867021419
2014-01-01,Montana,44608.4,49127.89361372103
2014-01-01,Nebraska,111386.8,66702.09622709733
2014-01-01,Nevada,134518.4,53728.50550110906
2014-01-01,New Hampshire,72304.4,61028.15135726369
2014-01-01,New Jersey,545465.3,69249.77723603301
2014-01-01,New Mexico,92586.3,49865.12843256066
2014-01-01,New York,1425724.1,81650.05359700296
2014-01-01,North Carolina,476260.2,53960.44431965684
2014-01-01,North Dakota,58679.9,89555.52098461213
2014-01-01,Ohio,592876.2,57505.80340785034
2014-01-01,Oklahoma,193546.4,56164.65214215269
2014-01-01,Oregon,188777.5,53605.1038170077
2014-01-01,Pennsylvania,691173.2,60824.75310643418
2014-01-01,Rhode Island,54297.7,57869.61046422782
2014-01-01,South Carolina,191981.5,44791.260604524294
2014-01-01,South Dakota,46369.9,61456.695928070614
2014-01-01,Tennessee,303788.8,52266.031410507836
2014-01-01,Texas,1568070.8,65445.93966305693
2014-01-01,Utah,141528,54232.926145779085
2014-01-01,Vermont,29690.7,53443.93958397496
2014-01-01,Virginia,464514.4,62900.33914453261
2014-01-01,Washington,442930,70658.76433870028
2014-01-01,West Virginia,71769.1,43670.93289061737
2014-01-01,Wisconsin,293836.7,57494.95626182815
2014-01-01,Wyoming,39431.7,76178.63405335977
2015-01-01,Alabama,200197.5,46538.59294048862
2015-01-01,Alaska,50728.1,77587.93595020272
2015-01-01,Arizona,298615,49319.42076494383
2015-01-01,Arkansas,117734.3,44594.13680244584
2015-01-01,California,2559643.2,74188.2052142701
2015-01-01,Colorado,317992.4,65807.7504421202
2015-01-01,Connecticut,262372.7,82504.74877199237
2015-01-01,District of Columbia,124853.7,208519.56485971357
2015-01-01,Delaware,71547.8,85742.63413457957
2015-01-01,Florida,897754.7,50109.3085684283
2015-01-01,Georgia,515753,57156.640256879895
2015-01-01,Hawaii,82644,65554.46852725667
2015-01-01,Idaho,66082,45146.80643819933
2015-01-01,Illinois,795326.1,69766.57869677868
2015-01-01,Indiana,329527.7,56247.16114209931
2015-01-01,Iowa,179459.2,64861.049869785034
2015-01-01,Kansas,154015.6,59720.82489737087
2015-01-01,Kentucky,192819.3,49141.44203009276
2015-01-01,Louisiana,231751.8,56041.86122001108
2015-01-01,Maine,57559.8,48881.21331328588
2015-01-01,Maryland,370768.3,69872.15069001266
2015-01-01,Massachusetts,503178.5,83538.83386245868
2015-01-01,Michigan,473149.5,53737.88704523964
2015-01-01,Minnesota,333065.8,68532.23942740372
2015-01-01,Mississippi,105427.9,39793.57518730965
2015-01-01,Missouri,293938.3,54607.21568848463
2015-01-01,Montana,46269.3,50647.955439785714
2015-01-01,Nebraska,115663.9,68984.12182292622
2015-01-01,Nevada,143554,56481.11933084511
2015-01-01,New Hampshire,75832,64008.6608837343
2015-01-01,New Jersey,569116.5,72390.97723701489
2015-01-01,New Mexico,91322,49304.08800818524
2015-01-01,New York,1485620.8,85260.67221778064
2015-01-01,North Carolina,502808.4,56537.52274187466
2015-01-01,North Dakota,55069.1,82376.82869129235
2015-01-01,Ohio,609321.7,59161.53093727513
2015-01-01,Oklahoma,184140.4,53129.32691551107
2015-01-01,Oregon,202718.6,56941.49131322812
2015-01-01,Pennsylvania,711787.2,62800.31199892013
2015-01-01,Rhode Island,56560.7,60413.02404278445
2015-01-01,South Carolina,204000.4,47038.83141197022
2015-01-01,South Dakota,47630.5,62912.91693946847
2015-01-01,Tennessee,323658.5,55389.94744978635
2015-01-01,Texas,1564374.3,64237.344155261635
2015-01-01,Utah,148917.8,56333.85256019089
2015-01-01,Vermont,30663.7,55322.38859989733
2015-01-01,Virginia,484530.8,65362.34829675149
2015-01-01,Washington,471702.8,74274.56551794779
2015-01-01,West Virginia,70815.9,43364.64683523576
2015-01-01,Wisconsin,306498.9,60012.541227545415
2015-01-01,Wyoming,37860.7,72926.3335456603
2016-01-01,Alabama,204454.7,46839.36216455657
2016-01-01,Alaska,49755.6,74769.00656156239
2016-01-01,Arizona,313056.5,50252.90850142008
2016-01-01,Arkansas,119191.8,44417.29710218801
2016-01-01,California,2671100.5,75986.01163739729
2016-01-01,Colorado,327757.3,65927.8901605102
2016-01-01,Connecticut,266747.3,83062.99920098216
2016-01-01,District of Columbia,129477.1,210354.11413324246
2016-01-01,Delaware,69284.2,81352.17626958754
2016-01-01,Florida,941561.2,50893.50098395464
2016-01-01,Georgia,541292.2,58543.66232070443
2016-01-01,Hawaii,85899.9,67044.57133759672
2016-01-01,Idaho,69075.5,45747.24730167317
2016-01-01,Illinois,803943.7,69869.04145314793
2016-01-01,Indiana,337217.2,56634.2790619208
2016-01-01,Iowa,179939.8,64026.20115280789
2016-01-01,Kansas,159232.8,60950.69012995195
2016-01-01,Kentucky,195840.2,49165.64746335874
2016-01-01,Louisiana,223409.5,53210.080103254164
2016-01-01,Maine,59754.2,50009.43928381419
2016-01-01,Maryland,387620.2,71941.53785105655
2016-01-01,Massachusetts,519143.5,84769.25718625134
2016-01-01,Michigan,488962.6,54751.07687099611
2016-01-01,Minnesota,341696.3,68936.68416528127
2016-01-01,Mississippi,106492.9,39711.29947674619
2016-01-01,Missouri,297752.6,54501.399627739214
2016-01-01,Montana,45680.3,48899.23581651695
2016-01-01,Nebraska,116879.2,68338.72411242867
2016-01-01,Nevada,150287.3,57394.07566844897
2016-01-01,New Hampshire,78509,65167.73355926705
2016-01-01,New Jersey,581504.4,73038.84923365983
2016-01-01,New Mexico,91240.2,48603.37111588908
2016-01-01,New York,1545987.7,87735.41338492377
2016-01-01,North Carolina,520356.6,57094.62603625847
2016-01-01,North Dakota,50792.3,75013.88411586263
2016-01-01,Ohio,621542.6,59524.12984982245
2016-01-01,Oklahoma,177813,50459.34709876468
2016-01-01,Oregon,214617.5,58466.809939724895
2016-01-01,Pennsylvania,726884.5,63361.03718687114
2016-01-01,Rhode Island,57529.4,60656.087731314605
2016-01-01,South Carolina,213584.6,47998.89537575338
2016-01-01,South Dakota,48731.3,62916.45447802575
2016-01-01,Tennessee,334435.7,56068.20685738213
2016-01-01,Texas,1567687.1,62574.2939743212
2016-01-01,Utah,157442.7,57669.63347574373
2016-01-01,Vermont,31430.4,56152.5047598821
2016-01-01,Virginia,496570.2,65787.62529219578
2016-01-01,Washington,493634.5,75397.83375702068
2016-01-01,West Virginia,70006.2,42599.81678338152
2016-01-01,Wisconsin,313440.2,60498.71505680501
2016-01-01,Wyoming,35704,68094.05494546672
2017-01-01,Alabama,210895.7,47025.39570211455
2017-01-01,Alaska,51737,76021.98141730399
2017-01-01,Arizona,330146.6,50942.534670968715
2017-01-01,Arkansas,122978.5,44535.551316789984
2017-01-01,California,2831038.4,78180.92703920726
2017-01-01,Colorado,348175.5,67434.6342469102
2017-01-01,Connecticut,272569.9,82909.1268152585
2017-01-01,District of Columbia,132853.6,207797.74333837407
2017-01-01,Delaware,69899.4,79402.72420263615
2017-01-01,Florida,990096.6,51333.987027701165
2017-01-01,Georgia,568398.9,59344.748463156386
2017-01-01,Hawaii,89618.6,68385.16287454103
2017-01-01,Idaho,73286.5,46373.132587951644
2017-01-01,Illinois,823776.2,70066.71828794842
2017-01-01,Indiana,350436.3,57207.605318974216
2017-01-01,Iowa,182151.3,63020.50225712041
2017-01-01,Kansas,163968.3,61270.55816194564
2017-01-01,Kentucky,200345.5,48909.34591703875
2017-01-01,Louisiana,235712.2,54853.79345580099
2017-01-01,Maine,61671.5,50225.35873371633
2017-01-01,Maryland,399737.6,72126.21052059835
2017-01-01,Massachusetts,539973.4,85556.92554396384
2017-01-01,Michigan,501914.9,54700.69776637836
2017-01-01,Minnesota,353416.4,69011.12579326451
2017-01-01,Mississippi,109431.1,39799.68295991484
2017-01-01,Missouri,305471.4,54370.041539633996
2017-01-01,Montana,47946.9,49515.300294252265
2017-01-01,Nebraska,120949.7,68614.33608400688
2017-01-01,Nevada,158502.8,58008.00669020339
2017-01-01,New Hampshire,80838.4,65143.02156836623
2017-01-01,New Jersey,590696.6,72256.17024044991
2017-01-01,New Mexico,94456.7,49080.5581701339
2017-01-01,New York,1608890.2,89267.83870029509
2017-01-01,North Carolina,541040.7,57270.07905849932
2017-01-01,North Dakota,52607.1,75739.83166211948
2017-01-01,Ohio,642351.4,59879.8525455691
2017-01-01,Oklahoma,185485.6,51282.100620888436
2017-01-01,Oregon,227042.2,59555.2021160888
2017-01-01,Pennsylvania,745140.8,63334.66379730303
2017-01-01,Rhode Island,58117.2,59836.86469625905
2017-01-01,South Carolina,223414,48360.473433753614
2017-01-01,South Dakota,50342.9,62687.82737440068
2017-01-01,Tennessee,346283,56102.20776416624
2017-01-01,Texas,1665428,63974.29883098744
2017-01-01,Utah,167613.4,58748.21135096991
2017-01-01,Vermont,32040.7,55779.11434950571
2017-01-01,Virginia,511876.3,65736.1281212105
2017-01-01,Washington,527707.5,77265.60122842598
2017-01-01,West Virginia,72853.1,43579.84829674297
2017-01-01,Wisconsin,320610,60183.59279174202
2017-01-01,Wyoming,37271.2,69974.55278704205
2018-01-01,Alabama,221030.7,48144.17960037209
2018-01-01,Alaska,54292.9,78626.26057714081
2018-01-01,Arizona,350718.3,52162.61101907298
2018-01-01,Arkansas,127761.3,45192.399092029176
2018-01-01,California,2975083,80263.58859974748
2018-01-01,Colorado,372452.9,69671.46108694629
2018-01-01,Connecticut,279782.3,83399.06744724396
2018-01-01,District of Columbia,138773.5,210592.94347909698
2018-01-01,Delaware,74186.7,81804.51346357047
2018-01-01,Florida,1050298.4,52633.709067777774
2018-01-01,Georgia,602023.9,60975.91541590933
2018-01-01,Hawaii,93100.5,69771.23139227396
2018-01-01,Idaho,79090.8,48100.43088239099
2018-01-01,Illinois,863039.5,72215.88989656435
2018-01-01,Indiana,368424.5,58581.397502295215
2018-01-01,Iowa,190147,64292.97894679463
2018-01-01,Kansas,171718.8,62793.707855754365
2018-01-01,Kentucky,207849.4,49601.601848243656
2018-01-01,Louisiana,253236.1,57857.89599519247
2018-01-01,Maine,64557,51326.10652921587
2018-01-01,Maryland,411619.1,72603.00210707325
2018-01-01,Massachusetts,570464.2,88240.44737339023
2018-01-01,Michigan,521803.4,55640.784570338736
2018-01-01,Minnesota,371929.7,70628.91289871991
2018-01-01,Mississippi,113578.5,40562.553212202154
2018-01-01,Missouri,317949.1,55294.89844774299
2018-01-01,Montana,50692.3,50881.25363234034
2018-01-01,Nebraska,124705.4,68946.15792741565
2018-01-01,Nevada,169179.6,59495.0311143656
2018-01-01,New Hampshire,84584.1,66532.79188485979
2018-01-01,New Jersey,612979.3,73439.94162386264
2018-01-01,New Mexico,100079.9,50912.617421465875
2018-01-01,New York,1705010.2,92941.77830407367
2018-01-01,North Carolina,567451.7,58191.29567117403
2018-01-01,North Dakota,56286.8,79047.03141941119
2018-01-01,Ohio,675029.7,61547.4630746431
2018-01-01,Oklahoma,198595.8,53658.926515221894
2018-01-01,Oregon,241978.1,61602.440458266006
2018-01-01,Pennsylvania,778374.6,64735.342355164896
2018-01-01,Rhode Island,59924.6,60283.120817320174
2018-01-01,South Carolina,235286.9,49268.90666170514
2018-01-01,South Dakota,53239,64503.65090598592
2018-01-01,Tennessee,362737.1,57028.60351827408
2018-01-01,Texas,1795635.1,66774.55757043668
2018-01-01,Utah,181622.7,61314.67791848711
2018-01-01,Vermont,32981,56237.26399582886
2018-01-01,Virginia,533510.4,66811.66697657973
2018-01-01,Washington,575416.7,81420.78431566118
2018-01-01,West Virginia,77632.5,45806.91395525239
2018-01-01,Wisconsin,337553.1,61880.520310313834
2018-01-01,Wyoming,39703.2,73179.8676783202
2019-01-01,Alabama,228142.6,48806.168507363844
2019-01-01,Alaska,54385.6,77981.12315332885
2019-01-01,Arizona,370119.1,53337.57560217948
2019-01-01,Arkansas,130954.1,45517.10986139049
2019-01-01,California,3132800.6,83166.39894360308
2019-01-01,Colorado,392986,71580.79503831193
2019-01-01,Connecticut,287822.2,84679.13264415212
2019-01-01,District of Columbia,143389.3,213114.5401436618
2019-01-01,Delaware,77082.4,83032.50143144738
2019-01-01,Florida,1106500.1,54039.278955774425
2019-01-01,Georgia,625713.6,61816.31077543495
2019-01-01,Hawaii,95744.3,70930.91187952053
2019-01-01,Idaho,83665.5,49108.04778803456
2019-01-01,Illinois,885583,73305.54884217943
2019-01-01,Indiana,379684.1,59157.6322856737
2019-01-01,Iowa,194658.1,64715.76495645551
2019-01-01,Kansas,176493.1,63545.82809788415
2019-01-01,Kentucky,215398.9,50571.83481612551
2019-01-01,Louisiana,256918.5,57969.7842434784
2019-01-01,Maine,67717.1,52841.749887353275
2019-01-01,Maryland,426747.4,74041.01025397104
2019-01-01,Massachusetts,596593.1,90792.06009778968
2019-01-01,Michigan,536888.3,56389.95092283059
2019-01-01,Minnesota,383777,71379.71106425782
2019-01-01,Mississippi,115971.3,40873.55980229976
2019-01-01,Missouri,328400.6,56126.00617794754
2019-01-01,Montana,52934.6,51951.577363662764
2019-01-01,Nebraska,130011.8,70498.73100100819
2019-01-01,Nevada,178199.4,60684.82905292821
2019-01-01,New Hampshire,87634.1,67604.11439708594
2019-01-01,New Jersey,634783.6,74963.91285540948
2019-01-01,New Mexico,105143.4,52597.56152327033
2019-01-01,New York,1772260.7,95559.77182835607
2019-01-01,North Carolina,591600.9,59166.96291054425
2019-01-01,North Dakota,57180.9,78705.89984974133
2019-01-01,Ohio,695361.6,62398.80003696334
2019-01-01,Oklahoma,202036.1,53556.56533480174
2019-01-01,Oregon,253623.2,63074.83025512065
2019-01-01,Pennsylvania,808737.5,66263.86134889071
2019-01-01,Rhode Island,61883.8,61274.47536855999
2019-01-01,South Carolina,247543.8,50431.26862431281
2019-01-01,South Dakota,54940.9,65142.808361525465
2019-01-01,Tennessee,376582.4,57841.353746066474
2019-01-01,Texas,1843802.7,66699.83291775196
2019-01-01,Utah,192519.2,62988.726502327096
2019-01-01,Vermont,34013.4,57176.783562276214
2019-01-01,Virginia,556905.2,68438.10059191579
2019-01-01,Washington,612996.5,84438.5559957908
2019-01-01,West Virginia,78863.9,46158.45126293455
2019-01-01,Wisconsin,349416.5,62948.50830124164
2019-01-01,Wyoming,40420.1,73256.51160403532
